code,name
'''001''',Acromegaly and gigantism
'''002''',Circulatory system affections
'''0031''',Arterial hypertension (St. II and III)
'''006''',Rheumatoid arthritis
'''007''',Asthma
'''008''',Liver cirrhosis - biliary cirrhosis
'''009''',Ulcerative colitis - Crohn's disease
'''014''',Drug addiction. and alcohol
'''016''',Chronic (active) hepatitis
'''017''',Epilepsy
'''019''',Glaucoma
'''020''',HIV infection
'''023''',Chronic renal failure
'''024''',Chronic respiratory failure
'''025''',Hypercholesterolemia - Hyperlipoproteinemia
'''026''',Hyperparathyroidism - Hypoparathyroidism
'''027''',Congenital and acquired hypothyroidism
'''030''',Sjogren's disease
'''034''',Myasthenia gravis
'''035''',Graves' disease - Hyperthyroidism
'''038''',Parkinson's disease
'''039''',Pituitary dwarfism
'''041''',Neuromyelitis optica
'''044''',Psychosis
'''045''',Psoriasis
'''046''',Multiple sclerosis
'''048''',Malignant neoplasms
'''050''',Subjects awaiting transplant
'''052''',Subjects undergoing transplant
'''056''',Hashimoto's thyroiditis
'''0A02''',Circulatory system affections. cardiopulmonary
'''0A31''',Arterial hypertension without organ damage
'''0B02''',Circulatory system affections. cerebrovascular
'''0C02''',Circulatory system affections. arteries/veins
'''401''',Arterial hypertension drug treatment
'''C01''',Civil disabled 100%
'''C02''',100% civilian disabled with accompaniment
'''C03''',Civilian disabled people over 2/3 < 100%
'''C04''',Disabled minors with accompanying allowance
'''C05''',Blind
'''C06''',Deaf and dumb
'''D01''',Regional Screening
'''D02''',Early diagnosis of tumors - cytological (between 25 and 65 years every 3 years)
'''D03''',Early diagnosis of tumors - mammographic (between 45 and 69 years every 2 years)
'''D04''',Early colorectal diagnosis (everyone aged 45 and over every 5 years)
'''E01''',Income and age exemption
'''E02''',Unemployed income exemption
'''E03''',Social pension income exemption
'''E04''',Minimum pension income exemption
'''E94''',"SUBJECTS BELONGING TO FAMILIES WITH ANNUAL INCOME UP TO EUR 18,000"
'''E99''',Income exemption from regional anti-crisis measures
'''H01''',Exemption for disbursement appropriateness
'''I01''',Certificate issuing services
'''L02''',Working disabled 67-79%
'''L03''',Working disabled 1- 67%
'''L04''',Injured at work or suffering from professional illness
'''M00''',Responsible maternity protection
'''M50''',Pregnancy at risk
'''R99''',Rare Disease (suspected)
'''RBG010''',NEUROFIBROMATOSIS
'''RCG150''',HISTIOCYTOSIS X
'''RF0100''',AMYOTROPHIC LATERAL SCLEROSIS
'''RG0050''',CHURG-STRAUSS SYNDROME
'''RI0060''',CELIAC SPRUE
'''RM''',Rare diseases
'''RMG010''',UNDIFFERENTIATED CONNECTIVITY
'''RN0710''',MITOCONDRUM MYOPATHY-ENCEPHALOPATHY-LACTIC ACIDOSIS-STROKE
'''T16''',Exemption for earthquake victims in the Marche region
'''TDL01''',Severe pain therapy
'''V01''',Victims of terrorism and organized crime
'04.43',RELEASE OF THE CARPAL TUNNEL
'06.11.2',ECU GUIDED THYROID NEEDLE BIOPSY
'10.31',CONJUNCTIVAL LESION REMOVAL
'101.01.',BAG WITH PLATE FOR COLO-ILEOSTOMY
'101.14.',PERMANENT BLADDER CATHETER (FOLEY)
'101.21.',SHAPED DIAPER
'101.31.',MATTRESS PROTECTION CROSSBAR
'13.71',CATARACT SURGERY with lens implant
'22.51.0',RIGID FRAME WHEELCHAIR MANEUVERABLE BY THE COMPANION
'26.11',NEEDLE BIOPSY OF GLAND OR SALIVARY DUCT
'27.49.1',REMOVAL OF MOUTH LESION
'31.42',FIBER OPTIC RHINOSCOPY
'44.19.2',BREATH TEST FOR HELYCOBACTER PYLORI
'45.13',DUODENOSCOPY
'45.23',COLONOSCOPY
'45.25.1',COLONOSCOPY + sedated BIOPSY. self conscious
'45.29.2',BREATH TEST FOR COLONIZATIONS BACTERIAL AN.
'45.29.3',LACTOSE BREATH TEST
'48.23',RECTOSCOPY <PROCTOSIGMOIDOSCOPY>
'501.01.',CONTAINMENT BANKS
'501.11.',ANTI-DECUBITUS AIR MATTRESS
'57.32',CYSTOSCOPY
'57.39.2',INVASIVE URODYNAMIC EXAM
'58.62',PROGRESSIVE URETHRAL DILATIONS
'60.11.1',ECU GUIDED NEEDLE BIOPSY OF THE PROSTATE
'68.12.1',HYSTEROSCOPY
'68.2',REMOVAL OF UTERUS LESION
'69.7',IUD INSERTION <SPIRAL>
'70.21',COLPOSCOPY
'75.34.1',CARDIOTOCOGRAPHY
'85.11.1',ECU GUIDED BREAST NEEDLE BIOPSY
'85.21',LOCAL BREAST LESION REMOVAL
'86.30.3',CAUTERIZATION <DIATHERMOCOACULATION>
'86.4',REMOVAL OF SKIN LESION
'87.03',SKULL CT <BENCEPHALON>
'87.03.1',SKULL CT WITHOUT+CONTRAST <BENCE>
'87.03.2',MASSIVE FACIAL CT
'87.03.8',NECK CT WITHOUT+CONTRAST
'87.11.3',X-ray of the dental arches <ORTHOPANORAMIC>
'87.22',CERVICAL SPINE X-ray
'87.23',DORSAL SPINE X-ray
'87.24',LUMBOSACRAL SPINE X-ray
'87.29',TELESPINOGRAM
'87.35',GALACTOGRAPHY
'87.37.1',BILATERAL MAMMOGRAPHY
'87.37.2',RIGHT MAMMOGRAPHY
'87.41',CHEST CT scan
'87.41.1',CHEST CT + CONTRAST
'87.43.2',SN HEMITORACE RX FOR RIBS
'87.44.1',CHEST X-RAY
'87.72',RENAL TOMOGRAPHY <STRATS>
'87.83',HYSTEROSALPINGOGRAPHY
'88.01.6',COMPLETE ABDOMEN CT + CONTRAST
'88.19',ABDOMEN RX <DIRECT ABDOMEN>
'88.21',LEFT SHOULDER
'88.22',RX FOREARM RX
'88.23',LEFT WRIST
'88.26',RX HIP RX
'88.27',RX KNEE RX
'88.28',LEFT FOOT X-ray
'88.29.2',AXIAL RX PATELLA RIGHT
'88.38.1',CT scan of the LUMBOSACLAR SPINE
'88.38.3',CT SHOULDER AND RIGHT ARM
'88.38.5',PELVIS CT ​​scan
'88.38.8',CT KNEE LEFT <ARTHROTAC>
'88.71.4',THYROID ECHO <HEAD AND NECK ECHO>
'88.72.1',CARDIAC ECHO <ECOCARDIOGRAPHY>
'88.72.4',ECHODOPLER CARDIAC TRANSES.<ECOCOLOR>
'88.73.1',ECO UMMS
'88.73.2',ECHO LEFT BREAST
'88.73.5',ECODOPPLER SUPRAORTIC TRUNKS<ECOCOLOR>
'88.74.1',ECHO KIDNEYS AND ADRENALS
'88.75.1',ECHO LOWER ABDOMEN
'88.75.2',ECODOPPLER SPERM VESSELS (ECOCOLOR)
'88.76.1',FULL ABDOMEN ECHO
'88.76.2',ECHO LARGE ABDOMINAL VESSELS
'88.77.2',ECOCOLORDOPPLER LOWER LIMBS. ART.
'88.78',OBSTETRIC ULTRASOUND <FETOPLACENTARY ULTRASOUND>
'88.78.2',GYNECOLOGICAL ECHO
'88.79.1',ECO SURFACE FABRICS
'88.79.2',RIGHT SHOULDER ECO
'88.79.3',MUSCLETENDION ECHO
'88.79.5',ECO PENIS
'88.79.6',ECHO TESTICLES
'88.79.7',TRANSVAGINAL ECHO
'88.79.8',TRANSRECTAL PROSTATE ECHO
'88.91.1',MRI of the brain and brainstem
'88.91.2',MRI of the brain and brainstem. WITHOUT+CONTROL
'88.92.4',MRI HEART +CONTRAST
'88.92.5',RM HEART <CINE RM>
'88.92.7',MRI RIGHT BREAST +CONTRAST
'88.92.8',MRI breasts
'88.92.9',MRI BREASTS WITHOUT+CONTRAST
'88.93',MRI LUMBOSACRAL SPINE
'88.93.1',MRI CERVICAL SPINE+CONTRAST
'88.94.1',MRI RIGHT KNEE
'88.95.2',MRI UPPER ABDOMEN +CONTRAST
'88.95.5',MRI LOWER ABDOMEN AND PELVIS +CONTRAST
'88.99.2',LUMBAR AND FEMORAL DENSITOMETRY <DEXA>
'89.01',V.CARDIOLOGICA control
'89.11',TONOMETRY
'89.13',V. NEUROLOGICAL
'89.14',EEG
'89.15.1',ACOUSTIC EVOKED POTENTIALS
'89.17',POLYSOMNOGRAM
'89.24',UROFLOWOMETRY
'89.26',V.GYNECOLOGICAL
'89.37.2',SPIROMETRY <BREATHING TESTS>
'89.38.2',GLOBAL SPIROMETRY PLETHYSMGR TECHNIQUE.
'89.38.3',CAPILLARY ALVEOLUS DIFFUSION OF THE CO
'89.43',EFFORT ECG <CYCLE ERGOMETER>
'89.44',THALLIUM CARDIAC SCINS <EFFORT TEST>
'89.44.1',CARDIORESPIRATORY EFFORT TEST
'89.48.1',PACE MAKER CONTROL AND PROGRAMMING
'89.50',DYNAMIC ECG <HOLTER>
'89.52',ECG
'89.61.1',PRESSURE HOLTER
'89.65.1',BLOOD ANALYSIS
'89.7',V.SENOLOGICA
'89.90.2',MUD + THERAPEUTIC BATH
'89.90.3',BATH FOR ARTHRHEUMATIC DISEASES
'89.90.4',BATH FOR DERMATOLOGICAL DISEASES
'89.92.4',DROPINIC TREATMENT SESSION FOR URINARY STONES
'89.92.5',DROPINIC TREATMENT SESSION FOR SICKNESS. APP. GASTROENTERIC
'90.01.3',17 KETOSTEROIDS urine
'90.01.5',BILE ACIDS
'90.03.4',VALPROIC ACID
'90.04.5',ALT <GPT> <ALANINE AMINOTRANSFERASE> <S>
'90.05.1',PREALBUMIN
'90.05.3',ALDOSTERONE <S>
'90.05.5',ALPHA 1 FETOPROTEIN <S>
'90.06.4',AMYLASE
'90.07.5',AMMONIEMIA
'90.09.1',HAPTOGLOBIN
'90.09.2',AST <GOT> <ASPARTATE AMINOTRANSFERASE>
'90.09.4',BENZODIAZEPINES
'90.10.1',BETA2 MICROGLOBULIN
'90.10.2',BICARBONATES <HYDROGENCARBONATE>
'90.10.4',TOTAL BILIRUBIN
'90.10.5',TOTAL AND FRACTIONAL BILIRUBIN
'90.11.4',SOCCER
'90.11.5',CALCITONIN
'90.11.6',IONIZED CALCIUM
'90.12.3',CARBAMAZEPINE
'90.12.4',TOTAL URINARY CATECHOLAMINES
'90.12.A',CALPROTECTIN IMMUNOMETRIC feces
'90.13.3',CHLORINE
'90.13.5',COBALAMIN <VIT.B12>
'90.14.1',HDL CHOLESTEROL
'90.14.2',LDL CHOLESTEROL
'90.14.3',TOTAL CHOLESTEROL
'90.14.4',CHOLINESTERASE <PSEUDO THAT>
'90.15.2',ACTH <CORTICOTROPIN>
'90.15.3',CORTISOL
'90.15.4',CPK <CREATINKINASE> <CK>
'90.15.5',CPK MB <CREATIN KINASE ISOENZYME MB><CK>
'90.16.3',CREATININE
'90.16.4',CREATININE CLEARANCE
'90.17.2',DEAS <DEHYDROEPIANDROSTERONE SULFATE>
'90.17.3',DELTA 4 ANDROSTENEDIONE
'90.17.6',DESIALO TRANSFERRIN
'90.18.1',NOREPINEPHRINE urine
'90.18.3',AMPHETAMINE
'90.18.4',NSE <NEURONE SPECIFIC ENOLASE>
'90.18.5',ERYTHROPOIETIN
'90.18.8',CHROMOGRANIN
'90.19.2',E2 <ESTRADIOL>
'90.21.1',DIGOXIN
'90.21.3',STOOL CHEMICAL AND MICROSCOPIC EXAMINATION
'90.21.4',STOOL OCCULT BLOOD ON 3 SAMPLES
'90.21.7',PHENOBARBITAL
'90.22.3',FERRITIN
'90.22.5',IRON <SIDEREMIA>
'90.23.2',FOLATES
'90.23.3',FSH <FOLLITROPIN>
'90.23.5',ALKALINE PHOSPHATASE
'90.24.3',INORGANIC PHOSPHATE <S>
'90.24.5',PHOSPHORUS
'90.25.5',GAMMA GT <GAMMA GLUTAMIL TRANSP.> <S>
'90.26.4',GLUCOSE LOAD CURVE 75 gr withdrawal 2h
'90.27.1',GLYCEMIA
'90.27.3',PREGNANCY TEST
'90.27.4',CHORIONIC GONADOTROPIN free beta<S>
'90.28.1',GLYCATED HEMOGLOBIN
'90.28.4',BENCE JONES URINE
'90.29.2',LDH <LACTATE DEHYDROGENASE>
'90.30.2',LIPASE
'90.31.4',SPERMIOGRAM <FERTILITY INDEX>
'90.32.2',LITHIUM
'90.32.3',LH <LUTEOTROPIN> <S>
'90.32.5',TOTAL MAGNESIUM
'90.33.4',MICROALBUMINURIA
'90.34.6',HOMOCYSTEINE
'90.35.1',GH <SOMATOTROPIC HORMONE>
'90.35.3',OXALATE urine
'90.35.5',PTH <PARATORMONE>
'90.36.6',BRAIN NATRIURETIC PEPTIDE (BNP or NT)
'90.37.4',POTASSIUM
'90.38.1',PROGESTERONE
'90.38.2',PRL <PROLACTIN>
'90.38.4',PROTIDOGRAM + TOTAL PROTEINS
'90.38.5',PROTEINURIA
'90.39.1',URINARY PROTEIN ELECTROPHORESIS
'90.40.2',RENINA
'90.40.4',SODIUM
'90.40.6',SOMATOMEDINA C
'90.41.3',TESTOSTERONE <P>
'90.41.4',FREE TESTOSTERONE
'90.41.5',TG <THYROGLOBULIN>
'90.42.1',TSH <THYROTROPIN>
'90.42.3',T4 FREE <FREE THYROXINE>
'90.42.4',TRANSFERRIN ferrobinding capacity
'90.42.5',TRANSFERRIN
'90.43.2',TRIGLYCERIDES
'90.43.3',T3 FREE <FREE TRIODOTYRONINE>
'90.43.5',URICEMIA
'90.44.1',UREA <AZOTEMIA>
'90.44.3',Complete urine exam
'90.44.5',VITAMIN D
'90.45.4',ZINC
'90.46.5',LAC <LUPUS-LIKE ANTICOAGULANT>
'90.47.3',ANTI-CITRULLINE ANTIBODIES
'90.47.5',ANTI CARDIOLIPIN Ab (IgG IgA)
'90.47.7',GLUTAMAMIA ANTICARBOXYLASE ANTIBODIES
'90.48.1',Ab ANTI GASTR PARIETAL CELLS. <PCA>
'90.48.2',ANTI NEUTROPHILE CYTOPLASM Ab <ANCA>
'90.48.3',Ab ANTI NATIVE DNA
'90.49.3',INDIRECT COOMBS TEST
'90.49.5',Ab ANTI TRANSGLUTAMINASE
'90.50.5',Ab ANTI PANCREATIC ISSULA <ICA>
'90.51.4',ANTI THYROPEROXIDASE Ab <AbTPO>
'90.51.5',Ab ANTI LIVER AND KIDNEY MICROSOMES <LKMA>
'90.52.1',Ab ANTI MITOCHONDRIA <AMA>
'90.52.2',Ab ANTI SMOOTH MUSCLE <ASTHMA>
'90.52.4',ANTI NUCLEUS Ab <ANA>
'90.53.5',AB ANTI TSH RECEPTORS<TRAB>
'90.54.4',ANTI THYROGLOBULIN Ab <TG>
'90.55.1',CA 125 <CARBOHYDRATE ANTIGEN 125>
'90.55.2',CA 15.3 <CARBOHYDRATE ANTIGEN>
'90.55.3',CA 19.9 <CARBOHYDRATE ANTIGEN>
'90.56.1',CA 72-4 <CARBOHYDRATE ANTIGEN 72-4>
'90.56.3',CEA <EMBRYONIC CARCINO ANTIGEN>
'90.56.4',TPA <TISSUE POLYPEPTIDE ANTIGEN>
'90.56.5',PSA <PROSTATIC SPECIFIC ANTIGEN>
'90.56.6',PSA FREE
'90.57.3',HLA B27 <Ag>
'90.57.5',ANTITHROMBIN III
'90.58.2',DIRECT COOMBS TEST
'90.60.2',COMPLEMENT: C3
'90.61.1',CRYOGLOBULIN RESEARCH
'90.61.4',D DIMER (EIA)
'90.62.2',BLOOD CHROME+FORMULA
'90.63.3',BONE Marrow EXAMINATION
'90.64.2',RHEUMATOID FACTOR <RHEUMA TEST>
'90.64.3',CLOTTING FACTOR II
'90.65.1',FIBRINOGEN
'90.65.3',BLOOD GROUP ABO and Rh
'90.66.5',HEMOGLOBIN ELECTROPHORESIS
'90.68.1',SPECIFIC IgE: QUANTITATIVE RAST 12 per.
'90.68.3',IGE TOTALI-PRIST
'90.69.2',IMMUNOFIXATION
'90.69.4',IgG IMMUNOGLOBULINS
'90.70.3',INTRADERMOREACTION WITH PPD
'90.72.1',PROTEIN C ANTICOAGULANT ANTIGEN
'90.72.3',PCR <C-REACTIVE PROTEIN>
'90.72.4',FREE PROTEIN S
'90.72.5',TOTAL PROTEIN S
'90.73.2',TRANSFUSION COMPATIBILITY CROSS TEST.
'90.74.2',WR <WAALER ROSE REACTION>
'90.74.5',RETICULOCYTES
'90.75.4',PT <PROTHROMBIN TIME INR>
'90.76.1',PTT <PARTIAL THROMBOPLASTIN TIME>
'90.78.1',TINE TEST <TEST TINE>
'90.78.4',HLA-B GENOMIC TYPING
'90.81.5',TYPING SUBPOPULATIONS C. BLOOD
'90.82.3',TROPONIN I
'90.82.5',VES
'90.85.8',HELICOBACTER PYLORI STOOLS <HpSA>
'90.87.5',Ab ANTI BORRELIA
'90.91.1',CLOSTRIDIUM DIFFICLE RESEARCH D. e.i.a.
'90.93.2',OXYURI RESEARCH PERIANAL MATERIAL
'90.93.3',CONJUNCTIVAL SWAB microrg.+liev
'90.93.4',VAGINAL swab
'90.93.5',PHARYNGEAL SWAB
'90.94.2',URINE CULTURE <URINE CULTURE>
'90.94.3',COPROCULTURE <STOOL CULTURE>
'90.97.1',Ab ANTI LISTERIA
'90.98.4',FECI culture for fungi
'9042101',TSHR
'9056501',PSAR
'91.05.2',STOOL PARASITES
'91.06.8',TETANUS IgG
'91.07.1',WEIL-FELIX Ab ANTI RICKETTSIE
'91.08.1',Ab SALMONELLE AND BRUCELLE <WIDAL-WRIGHT>
'91.08.5',TASO <Ab ANTI ANTISTREPTOLYSIN-O>
'91.09.1',STREPTOZYME TEST
'91.09.4',TOXOPLASMA ANTIBODY Total (E.I.A.)
'91.10.4',TREPONEMA PALLIDUM TPHA qualitative
'91.10.5',TREPONEMA PALLIDUM TPHA quantitative
'91.11.1',TREPONEMA PALLIDUM VDRL
'91.13.3',ROTAVIRUS RESEARCH
'91.13.7',EPSTEIN BAR VCA IgM
'91.14.2',CYTOMEGALOVIRUS Ab <ANTIBODIES> f.c.
'91.17.1',HEPATITIS A Ab [HAV]
'91.17.2',HEPATITIS A IgM [HAV]
'91.17.3',HEPATITIS B DNA (P.C.R.) [HBV]
'91.17.5',HEPATITIS B HBcAg Ab [HBV]
'91.18.1',HEPATITIS B HBcAg IgM [HBV]
'91.18.2',HEPATITIS B HBeAg Ab [HBV]
'91.18.3',HEPATITIS B HBsAg Ab [HBV]
'91.18.5',HEPATITIS B HBsAg Ag [HBV] [AU ANTIGEN]
'91.19.3',HEPATITIS C RNA QUALITATIVE ANALYSIS [HCV]
'91.19.4',HEPATITIS C RNA (P.C.R.) [HCV]
'91.19.5',HEPATITIS C Ab [HCV]
'91.20.2',HEPATITIS C GENOMIC TYPING [HCV]
'91.21.1',EPSTEIN BARR VIRUS [EBV] ANTIBODY (EA or EBNA or VCA) (E.I.A.)
'91.21.2',EPSTEIN BARR Ab <EBV> <EBNA>
'91.21.5',HERPES VIRUS Ab f.c.
'91.22.2',HIV RNA (P.C.R.)
'91.22.4',ANTI HIV Ab 1-2
'91.24.3',Ab ANTI MEASLES
'91.25.1',Mumps IgG
'91.25.3',MUMPS Ab <ANTIBODIES> f.c.
'91.25.4',Ab ANTI PARVOVIRUS
'91.26.4',RUBELLA VIRUS ANTIBODY <RUBEO TEST>
'91.27.1',VARICELLA ZOSTER IgG
'91.27.3',VARICELLA ZOSTER Ab <ANTIBODIES> f.c.
'91.38.5',PAP TEST <VAGINAL CYTOLOGICAL>
'91.39.1',CYTOLOGICAL BY NEEDLE ASPIRATION
'91.39.4',URINE CYTOLOGICAL
'91.40.3',HISTOPATHOLOGY ORAL CAVITY BIOPSY
'91.40.5',HISTOPATHOLOGY Excisional SKIN BIOPSY
'91.41.1',HISTOPATHOLOGY SOFT TISSUES incisional
'91.41.3',HISTOPATHOLOGY Single DIGESTIVE BIOPSY
'91.41.4',HISTOPATHOLOGY Multiple DIGESTIVE BIOPSY
'91.42.4',HISTOPATHOLOGY PLEURAL BIOPSY
'91.44.4',HISTOPATHOLOGY CERVICAL BIOPSY
'91.46.4',HISTOPATHOLOGY ENDOCERVICAL POLYPECTOMY
'91.47.1',HISTOPATHOLOGY BREAST BIOPSY
'91.47.2',HISTOPATHOLOGY LYMPH NODE BIOPSY
'91.90.6',PRICK TEST <ALLERGOLOGICAL TEST>
'92.01.3',THYROID SPARKS
'92.09.1',CARDIAC TOMOSCENTS <PET> rest + stimulation
'92.09.2',CARDIAC TOMOSCINTIS <SPET> after stimulus
'92.18.2',TOTAL BODY BONE SHINS
'92.18.6',GLOBAL BODY TOMOSCENT (PET)
'93.08.1',EMG <ELECTROMIGRAPHY>
'93.11.2',Individual MOTOR REEDUCATION
'93.11.4',Individual SEGM. MOTOR REEDUCATION
'93.16',PHYSIOKINESTHERAPY
'93.19.1',Individual proprioceptive postural exercises.
'93.19.2',PROPRIOCEPTIVE POSTURAL EXERCISES.
'93.39.1',MASSAGES
'93.39.5',ANALGESIC ELECTROTHERAPY: TENS
'93.39.7',MUSCLE ELECTROSTIMULATIONS
'93.39.8',MAGNETIC THERAPY
'93.39.9',ULTRASOUND THERAPY in water
'93.56.4',ELASTIC ADHESIVE BANDAGE
'93.72.1',Individual SPEECH RE-EDUCATION
'94.01.2',INTELLECTUAL IMPAIRMENT TEST
'94.09',PSYCHOLOGICAL INTERVIEW <V.PSICOLOGICA>
'94.12.1',V. PSYCHIATRIC CONTROL
'94.19.1',V. PSYCHIATRIC <PSYCHIATRIC INTERVIEW>
'95.02',V. OPHELISTICS
'95.05',FIELD OF VISION <CAMPIMETRY>
'95.09.1',FUNDUS OCULAR <FUNDUS>
'95.12',FLUORANGIOGRAPHY<FLUORESCENT ANGIOGRAPHY>
'95.13.1',CORNEAL PACHYMETRY
'95.17',OPTICAL COHERENCE TOMOGRAPHY
'95.21',ERG <ELECTRORETINOGRAPHY><FLASHPATTERN>
'95.22',EOG <ELECTROOCULOGRAPHY>
'95.23',VEP <VISUAL EVOKED POTENTIALS>
'95.41.1',TONE AUDIOMETRIC EXAM
'95.41.3',AUTOMATIC AUDIOMETRY
'95.42',IMPEDENZOMETRY
'95.44.1',VESTIBULAR TEST caloric tests
'95.44.2',VESTIBULAR TEST positional tests
'95.45',VESTIBULAR TEST rotational tests
'96.59',WOUND DRESSING
'98.5',EXTRACORPOREAL LITHOTRIPSY
'99.07.1',BLOOD OR BLOOD COMPONENTS TRANSFUSION
'99.24.2',INFUSION OF OTHER PHARMACEUTICAL SUBSTANCES
'MW10',DISPOSABLE SYRINGES FOR INSULIN
'MW12',GLUCOSE TEST STRIPS
'MW1E',INHALATION TREATMENTS
'MW1G',THERMAL TREATMENTS
'MW31',AMBULANCE TRANSPORT
'MW32',INTRAMUSCULAR INJECTION AMBUL. NURSE.
'MW38',URINE COLLECTION BAGS
'MW3E',DRESSINGS IN THE NURSING CENTER
'MW3P',ACE CONVERTING ENZYME
'MW53',LANCET LANCETS
'MWA2',REMOVAL OF STITCHES
'MW_1935',HEIGHT
'MW_1946',WEIGHT
'MW_2609',BMI<BODY MASS INDEX>
'MW_2832',SMOKE
'MW_3320',mmse mini mental state examination
'MW_3952',CLEARANCE CREATININE (COCKROFT)
'MW_5401',GFR estimated with MDRD formula
'''008.8''',VIRAL GASTROENTERITITIS
'''011.9''',PULMONARY TUBERCULOSIS
'''015.0''',POT DISEASE
'''015.02''',TUBERCULOSIS SPINAL COLUMN TESTS NOT KNOWN
'''015.10''',HIP TUBERCULOSIS
'''034.0''',STREPTOCOCCAL PHARYNGITIS
'''035''',ERYSIPELA lower right limb
'''039.1''',ACTINOMYCOTIC LUNG INFECTION
'''041.86''',HELICOBACTER PYLORI INFECTION
'''042''',HUMAN HIV IMMUNODEFICIENCY VIRUS INFECTION
'''052''',CHICKENPOX
'''052.9''',CHICKENPOX
'''053.9''',SHINGLES
'''054.43''',DISCIFORM KERATITIS FROM HERPES SIMPLEX
'''056.9''',RUBELLA
'''070.1''',HEPATITIS A
'''070.3''',HEPATITIS B
'''070.32''',CHRONIC VIRAL HEPATITIS B
'''070.5''',Acute VIRAL HEPATITIS C
'''070.54''',CHRONIC HEPATITIS C 3rd
'''075''',INFECTIOUS MONONUCLEOSIS
'''078.10''',Plantar WARTS
'''082.1''',BUTTON FEVER
'''091.0''',PRIMARY GENITAL SYPHILIS
'''099.4''',Recurrent non-gonococcal urethritis
'''110.1''',ONYCOMYCOSIS LEFT TOE
'''110.2''',TINEA MANUUM
'''110.3''',TINEA CRURIS
'''110.8''',DERMATOPHYTOSIS other locations - MYCOSIS - inguinal
'''110.9''',MYCOSIS
'''111.8''',OTHER DERMATOMYCOSES others
'''112.0''',MOUTH CANDIDIASIS
'''112.1''',CANDIDA VULVOVAGINITIS
'''133.0''',SCABIES
'''135''',SARCOIDOSI
'''144.9''',K FLOOR MOUTH
'''150.9''',K ESOPHAGUS
'''151.4''',K BODY STOMACH
'''151.9''',K STOMACH
'''153.1''',K TRANSVERSE COLON
'''153.2''',K LEFT COLON
'''153.3''',K SIGMA
'''153.6''',K RIGHT COLON
'''153.9''',K COLON
'''154.0''',K RECTOSIGMOID JUNCTION
'''154.1''',K RIGHT
'''155.0''',K PRIMITIVES LIVER
'''155.2''',K LIVER
'''157.0''',K HEAD PANCREAS
'''157.9''',K PANCREAS
'''161.9''',K LARYNX
'''162.2''',K BRONCHI
'''162.9''',K PULMONARY
'''170.7''',K LONG BONES LOWER LIMB
'''171.9''',K CONNECTIVE AND OTHER SOFT TISSUES
'''172.5''',Clark's level III TRUNK MELANOMA
'''172.9''',CUTANEOUS MELANOMA
'''173.3''',OTHER K SKIN FOREHEAD sarcomatoid carcinoma
'''173.9''',SPINOCELLULAR EPITHELIOMA
'''174.3''',K BREAST RIGHT INTERNAL LOWER QUADRANT Interv. of QUART with emptying. armpit cable
'''174.4''',K UPPER-EXTERNAL DIAL OF WOMEN'S BREAST
'''174.9''',K UDDLE
'''179''',K UTERUS
'''179.0''',K UTERUS
'''180.1''',K EXOCERVIX
'''180.9''',K CERVIX
'''182.0''',K BODY OF THE UTERUS EXCEPT LISTMO
'''183.0''',K OVARY
'''185''',K PROSTATE
'''185.0''',K PROSTATE
'''186.0''',K TESTICLE
'''186.9''',K TESTICLE
'''187.1''',K FORESKIN
'''187.4''',K PENIS
'''188.0''',K BLADDER TRIGONE
'''188.9''',K BLADDER
'''189.0''',K RIGHT KIDNEY
'''191.9''',K BRAIN
'''193''',K Papillary THYROID
'''193.0''',K THYROID
'''195.3''',K K PELVIS
'''197.0''',META LUNG
'''197.7''',LIVER METASTASES from K colon
'''198.3''',BRAIN AND SPINAL CORD METASTASIS
'''200.1''',NODAL MARGINAL B LYMPHOMA
'''201.6''',HODGKIN DISEASE CELLULARITY?…Ç«® MIXED
'''201.9''',HODGKIN'S DISEASE
'''202.0''',Lymphoma
'''202.4''',HAIRY CELL LEUKEMIA
'''202.9''',LYMPHOMA with gastric localization
'''203.0''',MULTIPLE MYELOMA
'''204.1''',CHRONIC LYMPHOID LEUKEMIA
'''204.11''',CHRONIC LYMPHOID LEUKEMIA IN REMISSION
'''205.0''',ACUTE MYELOID LEUKEMIA
'''205.1''',CHRONIC MYELOID LEUKEMIA
'''207.2''',ESSENTIAL THROMBOCYTHEMIA
'''208.8''',OTHER ACUTE LEUKEMIAS ACUTE LYMPHOBLASTIC
'''211.3''',COLON POLYPS
'''211.9''',TB INTESTINAL TRACT
'''214.0''',Inflammatory LIPOMA of the back
'''218.0''',UTERUS FIBROMYOMA
'''218.9''',UTERINE FIBROMYOMA
'''218.O''',UTERUS FIBROMA
'''220.0''',TB OVARY
'''221.9''',ADENOMATOUS POLYP with low grade dysplasia of the colon
'''225.1''',TB CRANIAL NERVES
'''225.2''',CEREBRAL MENINGIOMA
'''227.0''',TB ADRENAL GLANDS
'''227.3''',PITUITARY ADENOMA
'''233.0''',K IN SITU BREAST
'''235.0''',UNCERTAIN PAROTID TUMOUR
'''235.5''',UNCERTAIN PANCREAS CANCER
'''235.7''',MULTIPLE PULMONARY NODULES OF NDD
'''237.2''',UNCERTAIN TUMOR ADRENAL GLANDS on the left (1 cm)
'''237.7''',NEUROFIBROMATOSIS RECKLINGHAUSEN
'''238.4''',POLYCYTHEMIA VERA
'''238.7''',CHRONIC MYELOPROLIFERATIVE DISEASE
'''239.3''',BREAST NODULE
'''239.7''',ENDOCRINE GLAND CANCER NATURE UNSPECIFIED
'''239.9''',Papillary neoplasm on lateral neck cyst
'''240.9''',GOITER
'''241.0''',THYROID NODULE
'''241.1''',NON-TOXIC MULTINODULAR GOITER
'''241.9''',NON-TOXIC NODULAR GOITER
'''242.0''',Graves disease
'''242.1''',TOXIC UNINODULAR GOITER
'''242.10''',Toxic uninodular goiter without thyrotoxic crisis
'''242.2''',TOXIC MULTINODULAR GOITER
'''242.3''',TOXIC NODULAR GOITER
'''242.9''',SUSPENDED HYPERTHYROIDISM Hashitoxicosis
'''243''',CONGENITAL HYPOTHYROIDISM
'''244.0''',POST-SURGICAL HYPOTHYROIDISM
'''244.3''',IATROGENIC HYPOTHYROIDISM
'''244.8''',ACQUIRED HYPOTHYROIDISM OTHER
'''244.9''',HYPOTHYROIDISM from chronic thyroiditis
'''245.1''',SUBACUTE THYROIDITIS
'''245.2''',HASHIMOTO THYROIDITIS
'''245.8''',CHRONIC THYROIDITIS
'''245.9''',THYROIDITIS
'''246.2''',THYROID CYSTS
'''251.1''',HYPERINSULINISM
'''252.0''',PRIMARY HYPERPARATHYROIDISM Parathyroid adenoma
'''252.1''',HYPOPARATHYROIDISM
'''253.0''',ACROMEGALY AND GIGANTISM
'''253.1''',HYPERPROLACTINEMIA
'''253.3''',ISOLATED GROWTH HORMONE DEFICIT GH ET?…Ç«® DEVELOPMENTAL
'''272.0''',HYPERCHOLESTEROLEMIA
'''272.1''',ISOLATED OR SPORADIC HYPERTRIGLYCERIDEMIA
'''272.2''',DYSLIPIDEMIA
'''272.4''',DYSLIPIDEMIA - HYPERLIPIDEMIA -
'''273.1''',MONOCLONAL GAMMAPATHY of uncertain significance
'''274.0''',GOUTY ARTHROPATHY < GOUT >
'''274.9''',GOUT
'''275.4''',Parathyroid-free hypocalcemia
'''277.4''',GILBERT SYNDROME
'''277.5''',MUCOPOLYSACCHARIDOSIS
'''277.8''',HISTOCYTOSIS
'''278.0''',OBESITY
'''278.00''',OBESITY
'''278.01''',SEVERE OBESITY
'''279.00''',HYPOGAMMAGLOBULINEMIA
'''280''',IRON FREE ANEMIA
'''280.9''',SIDE OPENING ANEMIA
'''281.0''',PERNICIOUS ANEMIA
'''281.1''',VITAMIN B12 DEFICIENCY ANEMIA < MEGALOBLASTIC >
'''281.9''',MACROCYTIC ANEMIA
'''282.4''',THALASSEMIA MINOR
'''282.7''',HEMOGLOBINOPATHY
'''284.9''',APLASTIC ANEMIA
'''285.9''',mild normochromic ANEMIA macrocytic
'''287.0''',SCHOENLEIN-HENOCH VASCULAR PURPURA
'''287.2''',PURPLE
'''287.3''',PRIMARY THROMBOCYTOPENIA
'''287.5''',THROATPINOPENIA
'''288.0''',NEUTROPENIA
'''288.3''',EOSINOPHILIA Disease caused by eosinophilic infiltrates
'''289.0''',SUSPECTED: POLYCYTHEMIA probably. secondary to the s. disventitaloria
'''289.3''',LYMPHADENITIS right armpit
'''289.8''',MYELOFIBROSIS
'''290.0''',SENILE DEMENTIA
'''290.1''',PRESENILE DEMENTIA
'''290.20''',SENILE PSYCHOSIS
'''290.4''',ARTERIOSCLEROTIC DEMENTIA
'''290.40''',ARTERIOSCLEROTIC DEMENTIA
'''291.0''',DELIRIUM TREMENS
'''295.0''',SCHIZOPHRENIC PSYCHOSIS SIMPLE TYPE
'''295.3''',PARANOID TYPE SCHIZOPHRENIC PSYCHOSIS
'''295.70''',SCHIZOAFFECTIVE TYPE
'''296.0''',MANIC DEPRESSIVE PSYCHOSIS OF MANIC TYPE
'''296.2''',ENDOGENOUS DEPRESSION
'''296.3''',MAJOR DEPRESSION RECURRING EPISODE
'''296.7''',BIPOLAR AFFECTIVE SYNDROME
'''296.8''',MANIC-DEPRESSIVE PSYCHOSIS
'''296.80''',MANIC-DEPRESSIVE PSYCHOSIS
'''298.0''',DEPRESSIVE PSYCHOSIS
'''298.9''',PSYCHOSIS
'''300.0''',ANXIETY
'''300.00''',ANXIETY
'''300.01''',PANIC ATTACK
'''300.4''',ANXIOUS DEPRESSION
'''300.7''',BODY DYSMORPHIC SYNDROME
'''302.72''',ERECTILE DYSFUNCTION
'''302.75''',PSYCHOSEXUAL DYSFUNCTION WITH PREMATURE EJACULATION
'''303.0''',CHRONIC ALCOHOLISM
'''303.9''',CHRONIC ALCOHOLISM
'''304.3''',CANNABIS DRUG ADDICTION
'''306.2''',HEART PALM
'''307.4''',INSOMNIA
'''307.51''',BULIMIA
'''307.8''',TENSION HEADACHE
'''307.81''',TENSION HEADACHE
'''308.0''',ANXIETY EMOTIONAL CRISIS OR PANIC STATE DUE TO STRESS
'''310.1''',COGNITIVE DEFICIT
'''311''',DEPRESSION
'''311.''',DEPRESSION
'''315.02''',DYSLEXIA DEVELOPMENT
'''316.''',FUNCTIONAL COLONPATHY < SPASTIC COLITIS >
'''322.9''',VIRAL MENINGITIS FROM TUSCANY VIRUS
'''331.0''',ALZHEIMER'S DISEASE
'''331.4''',ACQUIRED HYDROCEPHALUS
'''332.0''',PARKINSON'S DISEASE
'''332.1''',SECONDARY PARKINSONISM
'''333.0''',PROGRESSIVE SUPRANUCLEAR PARALYSIS
'''333.1''',BENIGN ESSENTIAL TREMOR
'''333.6''',DYSTONIA MUSCULORUM DEFORMANS
'''333.9''',EXTRAPYRAMIDAL SYNDROME
'''333.90''',EXTRAPYRAMIDAL DISEASES AND MOVEMENT DISORDERS
'''335.20''',AMYOTROPHIC LATERAL SCLEROSIS
'''336.0''',SYRINGOMYELIA - SYRINGOBULBIA -
'''336.9''',Lumbar spondylogenous myelopathy
'''340''',MULTIPLE SCLEROSIS < SAP >
'''341.0''',OPTICAL NEUROMYELITIS
'''342.9''',LEFT HEMIPARESIS
'''343.2''',TETRAPLEGIA in cervical myelic fracture
'''343.9''',CONGENITAL SPASTIC CEREBRAL PALSY
'''345.0''',GENERALIZED NON-CONVULSIVE EPILEPSY
'''345.1''',GENERALIZED CONVULSIVE EPILEPSY
'''345.5''',PARTIAL EPILEPSY
'''345.9''',EPILEPSY
'''346.0''',MIGRAINE WITH AURA
'''346.1''',Common migraine
'''346.9''',MIGRAINE
'''348.3''',MULTIINFARTUAL ENCEPHALOPATHY
'''350.1''',TRIGEMINAL NEURALGIA
'''351.0''',BELL PARALYSIS
'''354.0''',LEFT CARPAL TUNNEL SYNDROME
'''355.6''',METARSALGIA MORTON NEURALGIA OR NEURINOMA on the right
'''357.7''',POLYNEUROPATHY DUE TO OTHER TOXIC AGENTS
'''357.9''',TOXIC AND INFLAMMATORY NEUROPATHIES
'''358.0''',SEVERE MYASTHENIA
'''359.0''',BENIGN CONGENITAL MYOPATHY
'''359.9''',GAIT DISORDERS
'''361.9''',RETINAL DETACHMENT
'''362.34''',AMAUROSIS FUGAX
'''362.35''',CENTRAL RETINA VEIN OCCLUSION
'''362.5''',MACULAR DEGENERATION
'''362.50''',MACULOPATHY
'''364.0''',IRIDOCYCLITIS
'''364.02''',RECURRENT ANTERIOR UVEITIS
'''364.3''',UVEITIS
'''365.0''',GLAUCOMA LIMIT
'''365.04''',Ocular hypertension
'''365.1''',OPEN ANGLE GLAUCOMA
'''365.11''',Simple chronic GLAUCOMA
'''365.9''',GLAUCOMA
'''366.1''',SENILE CATARACT Interv. of phacoemulsification and implantation
'''366.9''',CATARACT
'''368.2''',DIPLOPIA
'''368.4''',VISUAL FIELD DEFECTS right homonymous hemianopia
'''369.0''',THEY GIVE DEEP VISION IN BOTH EYES
'''369.20''',VISION DEFICIT
'''369.24''',MODERATE BLINDNESS BETTER EYE OTHER SERIOUS IMPAIRMENT
'''369.60''',BLINDNESS?…Ç«® DX
'''369.9''',HYPOVISUS
'''370.9''',HERPETIC KERATITIS
'''371.6''',KERATOCONUS
'''372.30''',CONJUNCTIVITIS
'''373.2''',CALAZIO SX
'''374.30''',EYELID PTOSIS
'''377.3''',OPTICAL NEURITIS OD
'''377.31''',OPTICAL PAPILLITIS
'''378.0''',EXOTROPIA
'''378.54''',SIXTH NERVE PARESIS OR ABDUCENT NERVE OS
'''379.21''',VITREAL DETACHMENT
'''379.23''',VITREAL HEMORRHAGE
'''380.1''',INFECTIOUS OTITIS EXTERNAL
'''380.10''',ACUTE OTITIS EXTERNAL
'''381.1''',CHRONIC SEROUS OTITIS MEDIA
'''381.4''',CATARRAL OTITIS MEDIA
'''382.9''',OTITIS MEDIA
'''385.30''',CHOLESTEATOMA
'''386.0''',MENIERE DISEASE
'''386.11''',BENIGN PAROXYSTICAL POSTURAL VERTIGO
'''386.12''',VESTIBULAR NEURONITIS
'''387.2''',COCHLEAR OTOSCLEROSIS Au right
'''387.9''',OTOSCLEROSIS
'''388.01''',PRESBYACUSIS
'''388.3''',TINNITUS
'''388.30''',TINNITUS Au left
'''389.1''',NEUROSENSORIAL HARDNESS?…Ç«®
'''389.7''',DEAF MUTE
'''389.9''',HEARING IMPAIRMENT
'''394.0''',Mitral stenosis
'''394.9''',RHEUMATIC MITRAL VALVULOPATHY
'''397.9''',CHRONIC RHEUMATIC VALVULOPATHY
'''401.0''',ESSENTIAL HYPERTENSION
'''401.1''',BENIGN ARTERIAL HYPERTENSION
'''401.9''',HYPERTENSION
'''402.9''',HYPERTENSIVE HEART DISEASE
'''410''',ACUTE MYOCARDIAL INFARCTION
'''410.''',ACUTE MYOCARDIAL INFARCTION
'''410.7''',NON Q heart attack
'''410.9''',ACUTE MYOCARDIAL INFARCTION
'''410.90''',ACUTE MYOCARDIAL INFARCTION
'''411.1''',INTERMEDIATE CORONARY SYNDROME
'''412''',PREVIOUS MYOCARDIAL INFARCTION
'''413.9''',ANGINA PECTORIS
'''414.0''',ARTERIOSCLEROTIC HEART DISEASE
'''414.8''',CHRONIC MYOCARDIAL ISCHEMIA
'''414.9''',CHRONIC CARDIAC ISCHEMIA
'''415.1''',PULMONARY EMBOLISM
'''416.9''',CHRONIC HEART OF LUNG
'''424.0''',MITRAL INSUFFICIENCY
'''424.1''',AORTIC STENOSIS
'''424.2''',TRICUSPIS INSUFFICIENCY
'''425.1''',STENOSING HYPERTROPHIC MYOCARDIOPATHY
'''425.4''',DILATED CARDIOMYOPATHY
'''425.9''',MYOCARDIOPATEDIES
'''426.0''',COMPLETE ATRIOVENTRICULAR BLOCK
'''426.1''',AV BLOCK 1?…¨? GRADE
'''426.11''',ATRIOVENTRICULAR BLOCK I GRADE
'''426.2''',LEFT BRANCH HEMIBLOCK
'''426.3''',COMPLETE SN BRANCH BLOCK
'''426.7''',WOLFF-PARKINSON-WHITE SYNDROME
'''426.8''',OTHER SPECIFIED CONDUCTION DISORDERS
'''426.9''',CONDUCTION DISORDERS BRUGADA SYNDROME
'''427.0''',SUPRAVENTRICULAR PAROXYSTICAL TACHYCARDIA
'''427.3''',ATRIAL FIBRILLATION
'''427.31''',ATRIAL FIBRILLATION
'''427.32''',ATRIAL FLUTTER
'''427.5''',CARDIAC ARREST
'''427.6''',VENTRICULAR EXTRASYSTOLES
'''427.60''',EXTRASYSTOLE
'''427.81''',SINOATRIAL NODE DYSFUNCTION
'''427.9''',CARDIAC ARRHYTHMIA
'''428.0''',CONGESTIVE HEART FAILURE CONGESTIVE HEART FAILURE
'''428.1''',CARDIAC ASTHMA
'''428.9''',HEART FAILURE
'''429.0''',SENILE MYOCARDITIS
'''430''',SUBARACHNOID HEMORRHAGE
'''431''',CEREBRAL HEMORRHAGE IN THE RIGHT FRONTAL SITE
'''431.''',CEREBRAL HEMORRHAGE
'''432.1''',SUBDURAL HEMORRHAGE
'''433.1''',CAROTID ARTERY STENOSIS
'''433.10''',CAROTID STENOSIS
'''434.0''',Cerebral thrombosis
'''434.9''',CEREBRAL STROKE < CEREBRAL ARTERY OCCLUSION >
'''435''',TRANSIENT CEREBRAL ISCHEMIA < TIA >
'''435.''',TRANSIENT CEREBRAL ISCHEMIA < TIA >
'''435.9''',TRANSIENT CEREBRAL ISCHEMIA
'''436''',STROKE
'''437.0''',CEREBRAL ARTERIOSCLEROSIS
'''437.1''',MULTINFARTUAL ENCEPHALOPATHY
'''437.9''',CIRCULATORY DISORDERS BRAIN
'''438''',AFTERMATH OF CEREBROVASCULAR DISEASES
'''440.0''',AORTA ATHEROSCLEROSIS
'''440.20''',ATHEROSCLEROSIS LOWER LIMBS
'''440.21''',Atherosclerosis native arteries of the limbs with intermittent claudication
'''440.9''',ARTERIOSCLEROSIS
'''441.4''',NOT RUPTURED ABDOMINAL AORTA ANEURYSM
'''441.6''',UNRUPTURATED AORTIC ANEURYSM
'''441.9''',Thoracic AORTA DILATION
'''442.2''',ILIAC ARTERY ANEURYSM
'''442.3''',RIGHT SUPERFICIAL FEMOR ARTERY ANEURYSM
'''442.9''',POST-TRAUMATIC A. TEMPORAL ANEURYSM LEFT
'''443.0''',RAYNAUD SYNDROME
'''443.9''',PERIPHERAL OBLITERANT ARTERIAL DISEASE PAD
'''444.22''',EMBOLISM AND THROMBOSIS OF THE ARTERIES OF THE LOWER LIMBS
'''444.9''',EMBOLISM AND ARTERIAL THROMBOSIS right upper limb
'''446.4''',CHURG-STRAUSS SYNDROME
'''446.5''',HORTON DISEASE
'''447.0''',ACQUIRED ARTEROVENOUS FISTULA
'''447.1''',STENOSIS OF THE LEFT SUBCLAVIA ARTERIES
'''447.9''',Obliterating ARTERIOPATHY of the lower limbs
'''448.9''',VASCULITIS
'''451.0''',SUPERFICIAL PHLEBITIS OF LOWER LIMBS < THROMBOPHLEBITIS >
'''451.1''',DEEP VENOUS THROMBOSIS right lower limb
'''451.19''',POPLITEAL THROMBOPHLEBITIS
'''451.9''',PERIPHLEBITIS internal saphenous vein right
'''453.8''',VENOUS THROMBOSIS dural sinuses
'''453.9''',ASCENDING VENOUS THROMBOSIS GR. SAFENA SN
'''454.0''',VARICOSE ULCERS EXTREMIT?…Ç«® LOW
'''454.9''',VARICOSE OF LOWER LIMBS
'''455.0''',INTERNAL HEMORRHOIDS
'''455.6''',HEMORRHOIDS
'''455.7''',THROMBIZED HEMORRHOIDS
'''455.8''',HEMORRHOID CRISIS
'''456.1''',ESOPHAGEAL VARICES WITHOUT BLEEDING
'''456.4''',VARICOCELE
'''457.1''',NONFILARIAL ELEPHANTYASIS lower limbs
'''459.81''',VENOUS INSUFFICIENCY LOWER LIMBS
'''460''',PHARYNGITIS
'''460.''',COLD < RINOPHARYNGITIS >
'''461.0''',MAXILLARY SINUSITIS
'''461.1''',ACUTE FRONTAL SINUSITIS
'''461.9''',Acute mucopurulent SINUSITIS
'''462''',ACUTE PHARYNGITIS
'''463''',TONSILLITIS
'''465.9''',PARAINFLUENZA SYNDROME
'''466.0''',BRONCHITIS
'''470''',NASAL SEPTAL DEVIATION
'''471.0''',NASAL CAVIT POLYPS?…Ç«®
'''472.0''',CHRONIC RHINITIS
'''473.2''',CHRONIC ETHMOIDAL SINUSITIS
'''473.9''',CHRONIC SINUSITIS
'''477.9''',ALLERGIC RHINITIS
'''478.0''',NASAL TURBINATE HYPERTROPHY
'''478.4''',POLYP VOCAL CORDS OR LARYNX
'''478.5''',VOCAL CORD GRANULOMA
'''481''',LOBAR PNEUMONIA
'''485''',Bronchopneumonia
'''485.''',Right midthoracic BRONCHOPNEUMONITIS
'''486''',PNEUMONIA
'''487.1''',INFLUENCE
'''490''',BRONCHITIS
'''491.2''',CHRONIC OBSTRUCTIVE BRONCHITIS < COPD > flared up
'''491.20''',CHRONIC ASTHMATIC BRONCHITIS
'''491.21''',CHRONIC OBSTRUCTIVE BRONCHITIS WITH FLARE
'''491.9''',CHRONIC ASTHATIFORM BRONCHITIS
'''493.0''',Extrinsic asthma
'''493.9''',Bronchial asthma
'''494''',BRONCHIECTASIA
'''496''',COPD CHRONIC OBSTRUCTIVE BRONCHITIS
'''506.4''',CHRONIC LUNG FIBROSIS
'''511.9''',Exudative pleurisy (viral?)
'''512.''',PNEUMOTHORAX
'''512.8''',ACUTE PNEUMOTHORAX on the RIGHT
'''516.3''',INTERSTITIAL IDIOPATHIC DIFFUSED LUNG FIBROSIS
'''518.4''',ACUTE PULMONARY EDEMA
'''518.81''',CHRONIC RESPIRATORY INSUFFICIENCY
'''519.4''',DIAPHRAGM RELAXATION
'''522.5''',TOOTH ABSCESS
'''522.9''',TOOTH ABSCESS
'''523.3''',PERIODONTAL ABSCESS
'''523.4''',ALVEOLAR PYORRHEA
'''528.4''',DERMOID CYST LEFT OVARY
'''530.0''',CARDIAC ACHALASIA
'''530.1''',GASTROESOPHAGEAL REFLUX WITH GRADE I AND II ESOPHAGITIS < GERD >
'''530.11''',REFLUX ESOPHAGITIS 1 AND 2 GRADE
'''530.2''',GASTROESOPHAGEAL REFLUX WITH GRADE III AND IV ESOPHAGITIS < GERD
'''530.5''',GASTROESOPHAGEAL REFLUX < GERD >
'''530.7''',MALLORY-WEISS SYNDROME
'''530.81''',GASTROESOPHAGEAL REFLUX
'''531.0''',ACUTE GASTRIC ULCER WITH HEMORRHAGE of the stump
'''531.3''',ACUTE GASTRIC ULCER
'''531.9''',GASTRIC ULCER
'''532.0''',ACUTE DUODENAL ULCER WITH HEMORRHAGE
'''532.00''',ACUTE DUODENAL ULCER WITH HEMORRHAGE
'''532.10''',ACUTE DUODENAL ULCER WITH PERFORATION
'''532.30''',ACUTE DUODENAL ULCER
'''532.4''',DUODENAL ULCER WITH HEMORRHAGE
'''532.5''',DUODENAL ULCER WITH PERFORATION
'''532.70''',Chronic duodenal ulcer
'''532.9''',DUODENAL ULCER
'''533.9''',GASTRODUODENAL ULCER
'''534.4''',GASTRODIJUNAL ULCER WITH HEMORRHAGE
'''535.0''',ACUTE GASTRITIS
'''535.1''',CHRONIC ATROPHIC GASTRITIS
'''535.2''',HYPERTROPHIC GASTRITIS
'''535.4''',SUPERFICIAL GASTRITIS
'''535.5''',GASTRITIS AND GASTRODUODENITIS
'''536.8''',DYSPEPSIA
'''540.0''',ACUTE APPENDICITIS
'''540.1''',ACUTE APPENDICITIS WITH PERITONEAL ABSCESS
'''540.9''',ACUTE APPENDICITIS
'''550.9''',INGUINAL HERNIA
'''552.2''',"IRREDIUCIBLE INCARCERATED PAROCELE, STROKED OR WITH OCCLUSION"
'''553.1''',UMBILICAL HERNIA
'''553.2''',Operated sub-umbilical LAPAROCELE
'''553.20''',LAPAROCELE
'''553.29''',EPIGASTRIC HERNIA
'''553.3''',HIATAL HERNIA
'''555.0''',CROHN'S DISEASE
'''555.1''',REGIONAL ENTERITIS OR COLON CROHN'S DISEASE
'''555.9''',CROHN'S DISEASE
'''556.9''',ULCERATIVE COLITIS
'''560.9''',BOWEL OBSTRUCTION
'''562.00''',DIVERTICULUS WITHOUT DUODENAL DIVERTICULITIS
'''562.1''',COLON DIVERTICULUS
'''564.0''',CONSTIPATION
'''564.1''',IRRITABLE COLON
'''564.5''',FUNCTIONAL DIARRHEA
'''565.0''',ANAL FISCAL
'''565.1''',ANAL FISTULA
'''566''',PERIANAL ABSCESS
'''568.0''',POSTOPERATIVE POSTINFECTIVE PERITONEAL ADHERENCES
'''569.0''',RECTAL POLYP
'''569.1''',RECTAL PROLAPSE
'''569.49''',Ulcerative PROCTITIS
'''569.83''',INTESTINE PERFORATION
'''571.4''',CHRONIC HEPATITIS FROM HEPATITIS C
'''571.5''',LIVER CIRRHOSIS
'''572.0''',LIVER ABSCESS
'''574.0''',CHOLELITHIASIS WITH ACUTE CHOLECYSTITIS
'''574.1''',CHOLECYSTITIS WITH CHOLELITHIASIS cholecystectomy procedure
'''574.2''',GALLBLADSTONE STONES
'''574.20''',GALLBLADSTONE STONES
'''574.5''',CHOLEDOCULAR LITHIASIS
'''575.0''',GALLBLADDER EMPYEMA
'''575.3''',GALLBLADDER HYDROPS
'''576.1''',CHOLANGITIS
'''577.0''',ACUTE PANCREATITIS
'''577.1''',CHRONIC PANCREATITIS
'''577.2''',PANCREAS CYSTS AND PSEUDOCYSTS
'''578.1''',MELENA
'''579.0''',CELIAC DISEASE
'''581.1''',NEPHROTIC SYNDROME IN MEMBRANOUS GLOMERULONEPHRITIS
'''581.9''',NEPHROTIC SYNDROME
'''584.5''',ACUTE TUBULAR NECROSIS
'''585''',CHRONIC RENAL FAILURE
'''587''',RENE GRINZO on the right due to the outcome of pyelonephritic episodes due to reflux
'''589.0''',SMALL UNILATERAL KIDNEY with slight insufficiency. renal
'''591''',HYDRONEPHROSIS left
'''592.0''',NEPHROLITHIASIS
'''592.1''',URETERAL STONE
'''593.0''',RENAL PTOSIS
'''593.2''',KIDNEY CYSTS
'''593.3''',STENOSIS OF THE LEFT PIELOURETERAL JOINT
'''594.1''',BLADDER STONE
'''595.9''',CYSTITIS
'''596.51''',HYPERACTIVITY?…Ç«® BLADDER
'''598.9''',URETHRAL STENOSIS urethral meatus
'''599.0''',URINARY TRACT INFECTION
'''599.7''',MACROHEMATURIA
'''600''',BENIGN PROSTATIC HYPERTROPHY transvesical adenomyomectomy
'''600.0''',PROSTATIC HYPERTROPHY
'''601.0''',ACUTE PROSTATITIS
'''601.1''',CHRONIC PROSTATITIS
'''601.9''',PROSTATITIS
'''603.9''',Bilateral HYDROCELE
'''605''',TIGHT PHIMOSIS
'''606.0''',AZOOSPERMIA
'''607.81''',INDURATIO PENIS PLASTICA
'''608.2''',TESTICLE TORSION
'''608.8''',EPIDIDYMIS CYST on the right (Removal procedure 20.3.2000)
'''610.0''',SOLITARY CYST OF THE LEFT BREAST
'''610.1''',FIBROCYSTIC MASTOPATHY
'''610.2''',FIBROADENOSIS OF THE BREAST
'''616.3''',BARTHOLIN GLAND ABSCESS
'''617.1''',ENDOMETRIOSIS OVARY
'''617.9''',ENDOMETRIOSIS
'''618.0''',RECTOCELE
'''618.1''',UTERINE PROLAPSE
'''618.3''',COMPLETE UTERO-VAGINAL PROLAPSE
'''620.2''',RIGHT OVARIAN CYSTS in torsion
'''621.0''',ENDOMETRIAL POLYP
'''622.1''',CERVICAL DYSPLASIA
'''623.8''',VAGINA CYSTS
'''625.6''',STRESS URINARY INCONTINENCE IN WOMEN
'''626.1''',OLIGOMENORRHEA
'''626.4''',IRREGULAR MENSTRUAL CYCLE
'''626.5''',INTERMESTRUAL SPOTTING
'''626.6''',METRORHAGIA in fibrous uterus
'''627.9''',EARLY MENOPAUSE
'''629.9''',HABITUAL ABORTION WITHOUT CURRENT PREGNANCY
'''633.1''',TUBARIC PREGNANCY
'''634.9''',Miscarriage
'''634.92''',SPONTANEOUS ABORTION WITHOUT REFERRED COMPLICATION COMPLETE
'''635.9''',VOLUNTARY INTERRUPTION OF PREGNANCY [IVG]
'''637.9''',ABORTION
'''640.0''',THREAT OF ABORTION
'''642.0''',"ESSENTIAL HYPERTENSION IN PREGNANCY, PUERPERIAL DELIVERY"
'''682.9''',Left gluteal reg abscess
'''685.0''',PILONIDAL CYSTS WITH ABSCESS
'''690.1''',SEBORRHEIC DERMATITIS
'''691.8''',ATOPIC DERMATITIS
'''692.72''',POLYMORPHOUS SOLAR PHOTODERMATITIS
'''692.9''',ECZEMA of the face with folliculitis
'''694.4''',PENFIGO
'''695.2''',ERYTHEMA NODOSO
'''695.3''',Relapsing ROSACEA
'''695.9''',ERYTHEMA of the back
'''696.0''',PSORIASIC ARTHROPATHY
'''696.1''',PSORIASIS
'''696.3''',PITIRIASIS ROSEA
'''697.0''',LICHEN RUBER PLANUS
'''697.9''',LICHEN
'''698.9''',ITCH of ndd
'''701.0''',LICHEN SCLERO-ATROPHIC preputial
'''703.0''',INGROWN TOE LEFT TOE
'''704.0''',ALOPECIA areata
'''704.01''',ALOPECIA AREATA
'''704.02''',TELOGEN EFFLUVIUM
'''704.1''',HIRSUTISM
'''706.0''',NODULOCISTIC ACNE
'''706.1''',ACNE rosacea
'''706.2''',SEBACEOUS CYST
'''707.1''',VENOUS INSUFFICIENCY ULCER right leg
'''707.9''',TROPHIC ULCER left leg
'''708.1''',IDIOPATHIC HURTICARIA
'''708.8''',CHRONIC HURTICARIA
'''708.9''',URTICARIA
'''709.01''',VITILIGO
'''710.0''',SYSTEMIC LUPUS ERYTHEMATOUS
'''710.2''',SJOGREN'S SYNDROME
'''710.8''',CONNECTIVE DISEASE others
'''710.9''',CONNECTIVE DISEASE
'''714.0''',RHEUMATOID ARTHRITIS
'''715.0''',GENERALIZED ARTHROSIS
'''715.00''',GENERALIZED ARTHROSIS
'''715.1''',COXOPHEMORAL ARTHROSIS <COXARTHROSIS>
'''715.31''',SHOULDER ARTHROSIS
'''715.35''',HIP ARTHROSIS
'''715.36''',KNEE ARTHROSIS
'''715.89''',POLYARTHROSIS
'''715.94''',RHIZARTHROSIS RIGHT
'''715.95''',LEFT COXARTHROSIS
'''715.96''',BILATERAL GONARTHROSIS
'''716.5''',POLYARTHROPATHY - POLYARTHRITIS -
'''716.6''',MONOARTHRITIS left knee of ndd
'''716.60''',MONOARTHRITIS of the elbow (gouty???)
'''716.9''',Psoriatic ARTHRITIS
'''717.1''',ANTERIOR HORN INTERNAL MENISCUS INJURY
'''717.3''',INTERNAL MENISCUS INJURY
'''717.4''',EXTERNAL MENISCUS INJURY in the left knee (arthroscopy surgery)
'''717.83''',INVERTED ANTERIOR CRUCATE LIGAMENT INJURY
'''717.9''',LEFT KNEE MENISCUS INJURY
'''718.0''',MENISCOPATHY right knee
'''718.56''',KNEE ANKYLOSIS
'''719.45''',LEFT COXALGIA
'''719.48''',RIGHT GONALGIA
'''720.9''',SPONDYLITIS with specific spondylodiscitis
'''721.1''',CERVICAL SPONDYLOSIS WITH MYELOPATHY
'''721.3''',LUMBOSACRAL SPONDYLOARTHROSIS
'''721.4''',LUMBAR SPONDYLOSIS WITH MYELOPATHY
'''721.90''',SPONDYLOARTHROSIS
'''722.0''',RADICULAR COMPRESSION FROM CERVICAL DISC HERNIATION
'''722.10''',LEFT LUMBOSCIATALGIA
'''722.2''',HERNIATED DISC
'''722.7''',INTERVERTEBRAL DISC DISORDERS WITH MYELOPATHY
'''722.71''',CERVICAL DYSCOPATHY WITH MYELOPATHY
'''722.73''',LUMBAR DYSCOPATHY WITH MYELOPATHY
'''723.0''',CERVICAL SPINAL CANAL STENOSIS with SPONDYLOGICAL MYELOPATHY
'''723.1''',CERVICAL SPINE SPRAIN
'''723.3''',DIFFUSED CERVICOBRACHIAL SYNDROME
'''723.4''',CERVICOBRACHIALGIA
'''723.5''',STIFF NECK
'''723.9''',LEFT CERVICOBRACHIALGIA
'''724.02''',LUMBAR SPINAL CANAL STENOSIS
'''724.2''',LOW BACK PAIN
'''724.3''',RIGHT SCIATALGIA
'''724.4''',LUMBOSCIATALGIA
'''724.5''',DORSALGIA
'''724.79''',COCCYDYNY
'''725''',POLYMYALGIA RHEUMATICA
'''726.1''',ROTATOR CUFF SYNDROME
'''726.10''',ROTATOR CUFF SYNDROME
'''726.11''',CALCIFIC SHOULDER TENDINITIS
'''726.2''',SCAPOLHOMERAL PERIARTHRITIS
'''726.4''',WRIST CARPUS ENTHESOPATHY
'''726.5''',ENTHESOPATHY OF THE HIP REGION right coxalgia
'''726.6''',KNEE ENTHESOPATHY in progress. distortion trauma
'''726.7''',ANKLE ENTHESOPATHY TARSO arthralgia I metatarso phalangeal
'''726.73''',LEFT CALCANEAL SPUR
'''727.51''',BAKER CYST RIGHT KNEE
'''727.61''',COMPLETE ATRAUMATIC RUPTURE OF THE ROTATOR CUFF
'''727.62''',ATRAUMATIC BICEPS LONG HEAD TENDON RUPTURE
'''727.67''',ATRAUMATIC DACHILLE TENDON RUPTURE
'''728.6''',DUPUYTREN'S DISEASE
'''728.84''',DIASTASIS RECTI ABDOMEN
'''729.0''',FIBROMYALGIA
'''730.1''',CHRONIC OSTEOMYELITIS II phalanx 2?«¨? left hand finger
'''730.7''',POLIOMYELITIS RESULTS
'''731.0''',Paget bone disease
'''732.4''',JUVENILE OSTEOCONDROSITY OSGOOD-SCHLATTER TIBIAL TUBEROSITY
'''733.0''',OSTEOPOROSIS
'''733.00''',OSTEOPENIA
'''733.1''',SPONTANEOUS vertebral FRACTURES
'''733.13''',VERTEBRAL COLLAPSE
'''733.4''',ASEPTIC BONES NECROSIS Right femur head
'''733.42''',ASEPTIC NECROSIS OF THE FEMUR HEAD AND NECK
'''735.0''',HALLUX VALGUS
'''736.42''',Bilat. arthritic varus knee.
'''737.1''',ACQUIRED KYPHOSIS
'''737.3''',SCOLIOSIS with anterolisthesis of L5 on S1
'''742.0''',CEREBRAL MENINGOCELE
'''745.1''',TRANSPOSITION OF LARGE VASES
'''745.5''',PERVIET?…Ç«® OR PERSISTENCE FORAMEN OVALE
'''746.6''',CONGENITAL MITRAL INSUFFICIENCY
'''746.84''',OBSTRUCTIVE HEART ANOMALIES
'''750.6''',CONGENITAL ESOPHAGEAL HIATUS HERNIA
'''751.3''',CONGENITAL MEGACOLON
'''753.0''',HORSESHOE KIDNEY
'''753.3''',HORSESHOE KIDNEY
'''754.3''',CONGENITAL HIP DISLOCATION
'''754.69''',FOOT TALUS FLAT VALGUS
'''756.12''',SPONDYLOLISTHESIS L4 on L5
'''756.51''',IMPERFECT OSTEOGENESIS
'''758.6''',GONADAL DYSGENESIA
'''758.7''',KLINEFELTER SYNDROME
'''758.89''',OTHER MULTIPLE CONGENITAL ANOMALIES WITH MENTAL RETARDATION
'''759.89''',CONGENITAL MALFORMATION SYNDROMES
'''761.8''',SPONTANEOUS ABORTION ABORTED FEtus
'''767.0''',LOCALIZED SUBDURAL HEMATOMA
'''780.2''',LIPOTHYMIA
'''780.4''',DIZZINESS
'''780.57''',SLEEP APNEA
'''780.59''',SNORING
'''780.6''',FEVER
'''781.0''',TREMOR
'''781.2''',GAIT DISORDERS
'''782.0''',CHRONIC SKIN ITCHING SINE MATERIA
'''782.1''',SKIN RASHES
'''784.0''',HEADACHE
'''784.3''',Motor aphasia during migraine (aura)
'''785.4''',GANGRENE
'''785.6''',Right retroauricular LYMPHADENOPATHY
'''786.0''',DYSPNEA due to exertion
'''786.09''',SLEEP APNEA
'''786.2''',COUGH in case of flu
'''786.50''',THORACOALGIA by ndd
'''787.0''',VOMITING with emission of blood streaks
'''787.03''',VOMIT
'''787.2''',DYSPHAGIA
'''787.6''',FECAL INCONTINENCE
'''787.91''',DIARRHEA NDD
'''788.0''',RIGHT RENAL COLIC
'''788.1''',DYSURIA
'''788.2''',ACUTE URINARY RETENTION
'''788.3''',URINARY INCONTINENCE
'''789.0''',ABDOMINAL PAIN
'''789.06''',EPIGASTRALGIA
'''789.09''',ABDOMINAL PELVIC PAIN
'''789.5''',ASCITES
'''790.2''',IFG ALTERED FASTING GLUCOSE
'''790.4''',TRANSAMINASE INCREASE
'''791.5''',GLYCOSURIA FROM RENAL DIABETES
'''792.1''',POSITIVE STOOL OCCULT BLOOD
'''797''',SENILE DEBILITY
'''799.9''',Impaired fasting blood sugar
'''802.0''',FRACTURE OF NASAL BONES
'''802.8''',FRACTURE OF THE RIGHT ORBIT
'''803.0''',HEAD TRAUMA
'''805.02''',FRACTURE SECOND CERVICAL VERTEBRA
'''805.06''',FRACTURE SIXTH CERVICAL VERTEBRA spinous process
'''805.2''',FRACTURE OF THE DORSAL VERTEBRAE somatic D7
'''805.4''',FRACTURE OF LUMBAR VERTEBRAE
'''805.6''',SACRUM AND COCCYX FRACTURE
'''805.8''',SPINAL COLUMN FRACTURE Spinous process D6-D7-D8
'''807.0''',FRACTURE OF RIBS
'''807.01''',FRACTURE A RIB
'''807.09''',MULTIPLE RIB FRACTURE
'''807.2''',FRACTURE STERNUM
'''808.0''',ACETABULUS FRACTURE
'''808.42''',ISCHIO FRACTURE
'''808.8''',PELVIS FRACTURE
'''810.0''',LEFT CLAVICLE FRACTURE
'''810.00''',RIGHT CLAVICLE FRACTURE
'''811.0''',FRACTURE OF THE LEFT SCAPULA
'''812.0''',END-PROXIMAL HUMERUS FRACTURE
'''812.2''',CLOSED DIAPHYSIS HUMERUS FRACTURE
'''812.20''',RIGHT HUMERUS FRACTURE composed of the head
'''812.4''',LEFT ELBOW FRACTURE
'''813.4''',RADIO ULNA FRACTURE CLOSED DISTAL EPIPHISIS
'''813.41''',COLLES FRACTURE left wrist
'''813.42''',RADIO FRACTURE DISTAL EPIPHISIS
'''813.8''',RIGHT MAXILLARY FRACTURE
'''813.80''',FRACTURE OF THE LEFT FOREARM
'''813.81''',RADIO FRACTURE OF LEFT STYLOID
'''813.82''',FRACTURE OF THE RIGHT ULNA
'''814.00''',FRACTURE OF THE LEFT WRIST
'''814.01''',NAVICULAR SCAPHID WRIST FRACTURE
'''815.0''',METACARPUS FRACTURE
'''816.0''',FRACTURED FINGERS OF THE HAND
'''816.02''',FRACTURE OF ONE OR MORE DISTAL PHLANGES of the right hand
'''820.03''',FRACTURE OF THE BASE OF THE RIGHT FEMUR NECK
'''820.09''',FEMUR HEAD FRACTURE
'''820.2''',PERTROCHANTERIC FEMUR FRACTURE
'''820.8''',CLOSED FEMUR NECK FRACTURE
'''821.00''',FRACTURE OF THE LEFT FEMUR
'''821.01''',FEMUR DIAPHYSIS FRACTURE
'''822.0''',FRACTURE OF THE LEFT PATELLA
'''823.0''',TIBIA CONDYLE FRACTURE
'''823.00''',TIBIA FRACTURE PROXIMAL EPIPHISIS external tibial plateau on the left
'''823.2''',FRACTURE TIBIA FIBULAR CLOSED DIAPHYSIS
'''823.22''',TIBIA AND FIBULAR DIAPHYSIS FRACTURE
'''823.80''',TIBIA FRACTURE
'''823.81''',FIBULAR FRACTURE
'''824.0''',FRACTURE INTERNAL MALLEOLUS LEFT
'''824.2''',ANKLE FRACTURE EXTERNAL MALLEOLUS CLOSED
'''824.8''',RIGHT ANKLE FRACTURE
'''825.0''',HEEL FRACTURE
'''825.1''',EXPOSED HEEL FRACTURE
'''825.2''',FRACTURE OTHER BONES TARSO METATARSUS CLOSED Base of V metatarsal
'''825.20''',FRACTURE OF FOOT BONE EXCEPT TOES
'''825.22''',NAVICULAR SCAPHOID FRACTURE
'''825.25''',FRACTURE OF METATARSAL BONES
'''826.0''',FRACTURE OF TOES
'''831.00''',Recurrent LEFT SHOULDER DISLOCATION
'''840.4''',ROTATOR CUFF DISTRACTION
'''840.9''',SHOULDER DISTRACTION
'''842.0''',WRIST SPRAIN
'''844.9''',KNEE LEG SPRAIN
'''845.0''',RIGHT ANKLE SPRAIN
'''845.00''',Ankle sprain and distraction
'''845.1''',FOOT SPRAIN
'''847.0''',NECK DISTRACTION
'''848.9''',DISTORTION I finger of the left hand
'''850.9''',HEAD TRAUMA
'''860.2''',TRAUMATIC HEMOTHORAX
'''860.4''',PNEUMOEMOTHORAX WITHOUT OPEN WOUND IN THE CHEST
'''865.0''',SPLEEN INJURY splenectomy
'''865.01''',INJURY SPLEEN HEMATOMA WITHOUT CAPSULE RUPTURE
'''865.03''',"Spleen trauma, laceration extending to the parenchyma"
'''882.0''',HAND WOUND from left hand penetrating tip
'''882.2''',HAND WOUND WITH TENDON INVOLVEMENT
'''883.0''',WOUND FINGERS HAND
'''883.1''',WOUND FINGERS HAND WITH COMPLICATIONS
'''883.2''',FINGER HAND WOUND WITH TENDON INVOLVEMENT
'''886.0''',TRAUMATIC AMPUTATION OTHER FINGERS OF THE HAND IV-V finger of the right hand
'''886.1''',TRAUMATIC AMPUTATION OF OTHER FINGERS OF THE HAND WITH COMPLICATIONS
'''891.0''',LEG WOUND
'''897.2''',TRAUMATIC AMPUTATION OF THE LEG AT THE KNEE OR ABOVE THE LEFT
'''905.1''',AFTERMATH OF SPINAL COLUMN AND TRUNK FRACTURES WITHOUT SPINAL CORD INJURIES
'''912.9''',SUPERFICIAL INJURY OF THE SHOULDER AND ARM
'''913.8''',OTHER SUPERFICIAL INJURY ELBOW FOREARM AND WRIST
'''915.9''',SUPERFICIAL TRAUMATIC OF FINGERS OF HAND
'''919.4''',INSECT BINGS
'''921.9''',EYE INJURY
'''922.9''',BRUSHED TRAUMA coccyx
'''927.3''',CRUSHING OF FINGERS AND HAND
'''944.0''',WRIST AND HAND BURNS
'''944.00''',BURN HAND
'''949.5''',BURN 3?ÔøΩÔøΩÔøΩ DEEP DEGREE WITH LOSS OF PART
'''952.2''',LUMBAR INJURY
'''953.8''',MULTIPLE SITE TRAUMA
'''959.7''',TRAUMA OF THE RIGHT ANKLE
'''959.9''',FALL TRAUMA
'''980.0''',Toxic effects of ethyl alcohol
'''991.5''',GELONI
'''995.3''',FOOD ALLERGY probably to fish
'''996.66''',INFECTION AND INFLATION FROM INTERNAL JOINT PROSTHESES septic mobilization APT gin
'''996.77''',OTHER COMPLICATIONS FROM INTERNAL JOINT PROSTHESES
'''V08''',HIV POSITIVE
'''V14.6''',ALLERGY ANALGESICS angioedema of the lip after OKI gtt
'''V14.7''',SERUM OR VACCINE ALLERGY suspected
'''V14.9''',ALLERGY TO MEDICINAL SUBSTANCE
'''V22.0''',SUSPEC: NORMAL FIRST PARENT PREGNANCY
'''V22.1''',NORMAL PREGNANCY
'''V22.2''',PREGNANCY
'''V23.9''',PREGNANCY AT RISK
'''V25.41''',ESTROPROGESTIN THERAPY
'''V26.2''',PRECONCEPTIONAL TESTS
'''V42.0''',KIDNEY TRANSPLANT
'''V42.2''',HOMOLOGOUS MITRAL PROSTHESIS
'''V42.7''',Liver replaced by transplant
'''V43.3''',MECHANICAL HEART VALVE PROSTHESIS
'''V43.6''',KNEE PROSTHESIS
'''V43.60''',REVERSE LEFT SHOULDER PROSTHESIS
'''V43.64''',HIP PROSTHESIS
'''V43.65''',LEFT KNEE PROSTHESIS
'''V44.0''',PRESENCE TRACHEOSTOMY
'''V44.1''',PRESENCE GASTROSTOMY
'''V44.3''',PRESENCE COLOSTOMY
'''V44.6''',Transient URETEROSTOMY with stent for ureter kinking
'''V45.01''',PEACE MAKER BEARER
'''V45.81''',AORTOCORONARY BYPASS
'''V45.82''',CORONARY ANGIOPLASTY
'''V45.89''',LOWER LIMBS ANGIOPLASTY
'''V50.4''',PROPHYLACTIC ORGAN REMOVAL NEPHRECTOMY RIGHT
'''V53.6''',PLACEMENT AND SETTING OF URINARY CATHERS
'''V56.0''',KIDNEY DIALYSIS
'''V60.3''',PERSON WHO LIVES ALONE
'''V60.4''',LACK OF A FAMILY ABLE TO PROVIDE CARE
'''V60.6''',PERSON WHO LIVES IN INSTITUTIONS
'''V72.2''',ORTHODONTIC TREATMENTS
'362.01''',DIABETIC RETINOPATHY
'ACARBOSIO',only Case I
'ACENOCUMAROLO','ACENOCUMAROLO'
'ACETAZOLAMIDE','ACETAZOLAMIDE'
'ACETILCARNITINA','ACETILCARNITINA'
'ACETILCISTEINA','ACETILCISTEINA'
'ACICLOVIR','ACICLOVIR'
'ACIDO ACETILSALICILICO','ACIDO ACETILSALICILICO'
'ACIDO ALENDRONICO','ACIDO ALENDRONICO'
'ACIDO ALENDRONICO E COLECALCIFEROLO','ACIDO ALENDRONICO E COLECALCIFEROLO'
'ACIDO ALGINICO','ACIDO ALGINICO'
'ACIDO ASCORBICO (VIT. C)','ACIDO ASCORBICO (VIT. C)'
'ACIDO CROMOGLICICO','ACIDO CROMOGLICICO'
'ACIDO CROMOGLICICO ASSOCIAZIONI','ACIDO CROMOGLICICO ASSOCIAZIONI'
'ACIDO FOLICO','ACIDO FOLICO'
'ACIDO IALURONICO','ACIDO IALURONICO'
'ACIDO IBANDRONICO','ACIDO IBANDRONICO'
'ACIDO PIPEMIDICO','ACIDO PIPEMIDICO'
'ACIDO RISEDRONICO','ACIDO RISEDRONICO'
'ACIDO TRANEXAMICO','ACIDO TRANEXAMICO'
'ACIDO URSODESOSSICOLICO','ACIDO URSODESOSSICOLICO'
'ACIDO VALPROICO','ACIDO VALPROICO'
'ACITRETINA','ACITRETINA'
'ACLIDINIO BROMURO','ACLIDINIO BROMURO'
'ADEMETIONINA','ADEMETIONINA'
'ALCALOIDI DELLOPPIO E SUOI DERIVATI','ALCALOIDI DELLOPPIO E SUOI DERIVATI'
'ALFACALCIDOLO','ALFACALCIDOLO'
'ALFUZOSINA','ALFUZOSINA'
'ALIMENTI DESTINATI A FINI SPECIALI (ALTRI)','ALIMENTI DESTINATI A FINI SPECIALI (ALTRI)'
'ALLOPURINOLO','ALLOPURINOLO'
'ALMOTRIPTAN','ALMOTRIPTAN'
'ALOPERIDOLO','ALOPERIDOLO'
'ALPRAZOLAM','ALPRAZOLAM'
'ALTRE SOSTANZE CAPILLAROPROTETTRICI','ALTRE SOSTANZE CAPILLAROPROTETTRICI'
'ALTRE SOSTANZE X TRATT.DI EMORROIDI E RAGADI ANALI U.TOPICO','ALTRE SOSTANZE X TRATT.DI EMORROIDI E RAGADI ANALI U.TOPICO'
'ALTRI ANTIEMICRANICI','ALTRI ANTIEMICRANICI'
'ALTRI CICATRIZZANTI','ALTRI CICATRIZZANTI'
'ALTRI FARMACI DEL SISTEMA NERVOSO','ALTRI FARMACI DEL SISTEMA NERVOSO'
'ALTRI FARMACI PER LE AFFEZIONI DEL SISTEMA MUSCOLO-SCHELETRI','ALTRI FARMACI PER LE AFFEZIONI DEL SISTEMA MUSCOLO-SCHELETRI'
'ALTRI PREPARATI','ALTRI PREPARATI'
'ALTRI PSICOSTIMOLANTI E NOOTROPI','ALTRI PSICOSTIMOLANTI E NOOTROPI'
'ALTRI UROLOGICI','ALTRI UROLOGICI'
'ALTRI VACCINI BATTERICI','ALTRI VACCINI BATTERICI'
'AMANTADINA','AMANTADINA'
'AMBROXOLO','AMBROXOLO'
'AMIODARONE','AMIODARONE'
'AMISULPRIDE','AMISULPRIDE'
'AMITRIPTILINA','AMITRIPTILINA'
'AMITRIPTILINA E PSICOLETTICI','AMITRIPTILINA E PSICOLETTICI'
'AMLODIPINA','AMLODIPINA'
'AMOXICILLINA','AMOXICILLINA'
'AMOXICILLINA ED INIBITORI ENZIMATICI','AMOXICILLINA ED INIBITORI ENZIMATICI'
'ANASTROZOLO','ANASTROZOLO'
'ANATOSSINA TETANICA','ANATOSSINA TETANICA'
'ANTAGONISTI DEI RECETTORI ALFA-ADRENERGICI','ANTAGONISTI DEI RECETTORI ALFA-ADRENERGICI'
'ANTICOLINERGICI SINTETICI IN ASSOCIAZIONE CON PSICOLETTICI','ANTICOLINERGICI SINTETICI IN ASSOCIAZIONE CON PSICOLETTICI'
'APIXABAN','APIXABAN'
'APPARATO DIGERENTE','APPARATO DIGERENTE'
'APPARATO MUSCOLO SCHELETRICO','APPARATO MUSCOLO SCHELETRICO'
'APPARATO RESPIRATORIO','APPARATO RESPIRATORIO'
'APPARATO URO-GENITALE','APPARATO URO-GENITALE'
'ASENAPINA','ASENAPINA'
'ASSOCIAZIONI','ASSOCIAZIONI'
'ASSOCIAZIONI DI DERIVATI IMIDAZOLICI','ASSOCIAZIONI DI DERIVATI IMIDAZOLICI'
'ASSOCIAZIONI DI VITAMINE','ASSOCIAZIONI DI VITAMINE'
'ATENOLOLO','ATENOLOLO'
'ATENOLOLO ED ALTRI DIURETICI','ATENOLOLO ED ALTRI DIURETICI'
'ATORVASTATINA','ATORVASTATINA'
'AVANAFIL','AVANAFIL'
'AZATIOPRINA','AZATIOPRINA'
'AZITROMICINA','AZITROMICINA'
'BACAMPICILLINA','BACAMPICILLINA'
'BACLOFENE','BACLOFENE'
'BARNIDIPINA','BARNIDIPINA'
'BECLOMETASONE','BECLOMETASONE'
'BELLADONNA E DERIVATI ASSOCIATI A PSICOLETTICI','BELLADONNA E DERIVATI ASSOCIATI A PSICOLETTICI'
'BENDAZAC','BENDAZAC'
'BENZILPENICILLINA BENZATINICA','BENZILPENICILLINA BENZATINICA'
'BETAISTINA','BETAISTINA'
'BETAMETASONE','BETAMETASONE'
'BETAMETASONE ED ANTIBIOTICI','BETAMETASONE ED ANTIBIOTICI'
'BETAMETASONE ED ANTIMICROBICI','BETAMETASONE ED ANTIMICROBICI'
'BETAXOLOLO','BETAXOLOLO'
'BICALUTAMIDE','BICALUTAMIDE'
'BIFOSFONATI','BIFOSFONATI'
'BILASTINA','BILASTINA'
'BIMATOPROST','BIMATOPROST'
'BIPERIDENE','BIPERIDENE'
'BISACODIL','BISACODIL'
'BISOPROLOLO','BISOPROLOLO'
'BISOPROLOLO E TIAZIDI','BISOPROLOLO E TIAZIDI'
'BRIMONIDINA','BRIMONIDINA'
'BRINZOLAMIDE','BRINZOLAMIDE'
'BROMAZEPAM','BROMAZEPAM'
'BROMEXINA','BROMEXINA'
'BUDESONIDE','BUDESONIDE'
'BUPRENORFINA','BUPRENORFINA'
'BUTILSCOPOLAMINA','BUTILSCOPOLAMINA'
'CABERGOLINA','CABERGOLINA'
'CALCIFEDIOLO','CALCIFEDIOLO'
'CALCIO (SALI DIVERSI IN ASSOCIAZIONE)','CALCIO (SALI DIVERSI IN ASSOCIAZIONE)'
'CALCIO ASSOCIAZIONI CON VITAMINA D E/O ALTRI FARMACI','CALCIO ASSOCIAZIONI CON VITAMINA D E/O ALTRI FARMACI'
'CALCIO CARBONATO','CALCIO CARBONATO'
'CALCIO LEVOFOLINATO','CALCIO LEVOFOLINATO'
'CALCIPOTRIOLO','CALCIPOTRIOLO'
'CALCITRIOLO','CALCITRIOLO'
'CALMANTI E SONNO','CALMANTI E SONNO'
'CANDESARTAN','CANDESARTAN'
'CANRENOATO DI POTASSIO','CANRENOATO DI POTASSIO'
'CANRENONE','CANRENONE'
'CARBAMAZEPINA','CARBAMAZEPINA'
'CARBOCISTEINA','CARBOCISTEINA'
'CARBOIDRATI','CARBOIDRATI'
'CARTEOLOLO','CARTEOLOLO'
'CARVEDILOLO','CARVEDILOLO'
'CEFAZOLINA','CEFAZOLINA'
'CEFDITOREN','CEFDITOREN'
'CEFIXIMA','CEFIXIMA'
'CEFOTAXIMA','CEFOTAXIMA'
'CEFPODOXIMA','CEFPODOXIMA'
'CEFTAZIDIMA','CEFTAZIDIMA'
'CEFTRIAXONE','CEFTRIAXONE'
'CEFUROXIMA','CEFUROXIMA'
'CELECOXIB','CELECOXIB'
'CETIRIZINA','CETIRIZINA'
'CIANOCOBALAMINA','CIANOCOBALAMINA'
'CICLOSPORINA','CICLOSPORINA'
'CINNARIZINA','CINNARIZINA'
'CIPROFLOXACINA','CIPROFLOXACINA'
'CIPROTERONE','CIPROTERONE'
'CIRCOLAZIONE','CIRCOLAZIONE'
'CITALOPRAM','CITALOPRAM'
'CITICOLINA','CITICOLINA'
'CLARITROMICINA','CLARITROMICINA'
'CLINDAMICINA','CLINDAMICINA'
'CLISMI E MICROCLISMI RETTALI','CLISMI E MICROCLISMI RETTALI'
'CLOBETASOLO','CLOBETASOLO'
'CLOMIPRAMINA','CLOMIPRAMINA'
'CLONAZEPAM','CLONAZEPAM'
'CLOPIDOGREL','CLOPIDOGREL'
'CLORMADINONE ED ETINILESTRADIOLO','CLORMADINONE ED ETINILESTRADIOLO'
'CLORTETRACICLINA','CLORTETRACICLINA'
'CLOTRIMAZOLO','CLOTRIMAZOLO'
'CODEINA','CODEINA'
'CODEINA ASSOCIAZIONI ESCLUSI GLI PSICOLETTICI','CODEINA ASSOCIAZIONI ESCLUSI GLI PSICOLETTICI'
'CODEINA E PARACETAMOLO','CODEINA E PARACETAMOLO'
'COLCHICINA','COLCHICINA'
'COLECALCIFEROLO','COLECALCIFEROLO'
'COLINA ALFOSCERATO','COLINA ALFOSCERATO'
'COLISTINA','COLISTINA'
'COLLUTORI/GENGIVARI','COLLUTORI/GENGIVARI'
'CONDROITINSOLFATO','CONDROITINSOLFATO'
'DABIGATRAN ETEXILATO','DABIGATRAN ETEXILATO'
'DARBEPOETINA ALFA','DARBEPOETINA ALFA'
'DENOSUMAB','DENOSUMAB'
'DERIVATI BENZODIAZEPINICI','DERIVATI BENZODIAZEPINICI'
'DESAMETASONE','DESAMETASONE'
'DESAMETASONE ED ANTIMICROBICI','DESAMETASONE ED ANTIMICROBICI'
'DESLORATADINA','DESLORATADINA'
'DEXIBUPROFENE','DEXIBUPROFENE'
'DEXKETOPROFENE','DEXKETOPROFENE'
'DIAZEPAM','DIAZEPAM'
'DICLOFENAC','DICLOFENAC'
'DIENOGEST E ETINILESTRADIOLO','DIENOGEST E ETINILESTRADIOLO'
'DIENOGEST ED ESTRADIOLO','DIENOGEST ED ESTRADIOLO'
'DIGOSSINA','DIGOSSINA'
'DILTIAZEM','DILTIAZEM'
'DIMETILFUMARATO','DIMETILFUMARATO'
'DIOSMECTITE','DIOSMECTITE'
'DIOSMINA ASSOCIAZIONI','DIOSMINA ASSOCIAZIONI'
'DOMPERIDONE','DOMPERIDONE'
'DONEPEZIL','DONEPEZIL'
'DOXAZOSIN','DOXAZOSIN'
'DOXICICLINA','DOXICICLINA'
'DRENANTI','DRENANTI'
'DROSPIRENONE ED ETINILESTRADIOLO','DROSPIRENONE ED ETINILESTRADIOLO'
'DULOXETINA','DULOXETINA'
'DUTASTERIDE','DUTASTERIDE'
'EBASTINA','EBASTINA'
'ECONAZOLO','ECONAZOLO'
'EDOXABAN','EDOXABAN'
'ELETTROLITI','ELETTROLITI'
'EMORROIDI','EMORROIDI'
'ENALAPRIL','ENALAPRIL'
'ENALAPRIL E DIURETICI','ENALAPRIL E DIURETICI'
'ENALAPRIL E LERCANIDIPINA','ENALAPRIL E LERCANIDIPINA'
'ENOXAPARINA','ENOXAPARINA'
'ENZIMI','ENZIMI'
'EPARINA','EPARINA'
'EPARINICI','EPARINICI'
'EPERISONE','EPERISONE'
'ERITROPOIETINA','ERITROPOIETINA'
'ESCITALOPRAM','ESCITALOPRAM'
'ESOMEPRAZOLO','ESOMEPRAZOLO'
'ESTRADIOLO','ESTRADIOLO'
'ESTRIOLO','ESTRIOLO'
'ETIZOLAM','ETIZOLAM'
'ETORICOXIB','ETORICOXIB'
'EXEMESTANE','EXEMESTANE'
'EXENATIDE',only Case I
'EZETIMIBE','EZETIMIBE'
'FAMCICLOVIR','FAMCICLOVIR'
'FARMACI PER LA FREQUENZA URINARIA E LINCONTINENZA','FARMACI PER LA FREQUENZA URINARIA E LINCONTINENZA'
'FEBUXOSTAT','FEBUXOSTAT'
'FELODIPINA','FELODIPINA'
'FENOBARBITAL','FENOBARBITAL'
'FENOFIBRATO','FENOFIBRATO'
'FENTANIL','FENTANIL'
'FENTICONAZOLO','FENTICONAZOLO'
'FERMENTI LATTICI','FERMENTI LATTICI'
'FERRO IN ASSOCIAZIONE CON ACIDO FOLICO','FERRO IN ASSOCIAZIONE CON ACIDO FOLICO'
'FERRO TRIVALENTE','FERRO TRIVALENTE'
'FERROSO SOLFATO','FERROSO SOLFATO'
'FEXOFENADINA','FEXOFENADINA'
'FILGRASTIM','FILGRASTIM'
'FINASTERIDE','FINASTERIDE'
'FITOMENADIONE','FITOMENADIONE'
'FLECAINIDE','FLECAINIDE'
'FLOROGLUCINOLO','FLOROGLUCINOLO'
'FLUCONAZOLO','FLUCONAZOLO'
'FLUNARIZINA','FLUNARIZINA'
'FLUNISOLIDE','FLUNISOLIDE'
'FLUOXETINA','FLUOXETINA'
'FLURBIPROFENE','FLURBIPROFENE'
'FLUTICASONE','FLUTICASONE'
'FLUTICASONE FUROATO','FLUTICASONE FUROATO'
'FONDAPARINUX','FONDAPARINUX'
'FORMOTEROLO','FORMOTEROLO'
'FORMOTEROLO E BECLOMETASONE','FORMOTEROLO E BECLOMETASONE'
'FORMOTEROLO E BUDESONIDE','FORMOTEROLO E BUDESONIDE'
'FORMOTEROLO E FLUTICASONE','FORMOTEROLO E FLUTICASONE'
'FOSFOMICINA','FOSFOMICINA'
'FOSINOPRIL','FOSINOPRIL'
'FROVATRIPTAN','FROVATRIPTAN'
'FUROSEMIDE','FUROSEMIDE'
'FUROSEMIDE E FARMACI RISPARMIATORI DI POTASSIO','FUROSEMIDE E FARMACI RISPARMIATORI DI POTASSIO'
'GABAPENTIN','GABAPENTIN'
'GEMFIBROZIL','GEMFIBROZIL'
'GENTAMICINA','GENTAMICINA'
'GESTODENE ED ETINILESTRADIOLO','GESTODENE ED ETINILESTRADIOLO'
'GLIBENCLAMIDE',only Case I
'GLICLAZIDE',only Case I
'GLICOPIRRONIO BROMURO','GLICOPIRRONIO BROMURO'
'GLIMEPIRIDE',only Case I
'GLUCOSAMINA','GLUCOSAMINA'
'GLUTATIONE','GLUTATIONE'
'GOLA','GOLA'
'GOLIMUMAB','GOLIMUMAB'
'GONADOTROPINA CORIONICA','GONADOTROPINA CORIONICA'
'GONADOTROPINA UMANA DELLA MENOPAUSA (MENOTROPINA)','GONADOTROPINA UMANA DELLA MENOPAUSA (MENOTROPINA)'
'IBUPROFENE','IBUPROFENE'
'IDROCLOROTIAZIDE','IDROCLOROTIAZIDE'
'IDROCLOROTIAZIDE E FARMACI RISPARMIATORI DI POTASSIO','IDROCLOROTIAZIDE E FARMACI RISPARMIATORI DI POTASSIO'
'IDROXICARBAMIDE','IDROXICARBAMIDE'
'IDROXICLOROCHINA','IDROXICLOROCHINA'
'IDROXOCOBALAMINA','IDROXOCOBALAMINA'
'IMIDAZOLI/TRIAZOLI IN ASSOCIAZIONE CON CORTICOSTEROIDI','IMIDAZOLI/TRIAZOLI IN ASSOCIAZIONE CON CORTICOSTEROIDI'
'IMMUNOGLOBULINA TETANICA','IMMUNOGLOBULINA TETANICA'
'INDACATEROLO E GLICOPIRRONIO BROMURO','INDACATEROLO E GLICOPIRRONIO BROMURO'
'INDOBUFENE','INDOBUFENE'
'INDOMETACINA','INDOMETACINA'
'INSULINA ASPART',only Case I
'INSULINA GLARGINE',only Case I
'INSULINA GLULISINA',only Case I
'INSULINA LISPRO',only Case I
'INVECCHIAMENTO','INVECCHIAMENTO'
'IPRATROPIO BROMURO','IPRATROPIO BROMURO'
'IRBESARTAN','IRBESARTAN'
'IRBESARTAN E DIURETICI','IRBESARTAN E DIURETICI'
'ISOPROPAMIDE E PSICOLETTICI','ISOPROPAMIDE E PSICOLETTICI'
'ISOSORBIDE DINITRATO','ISOSORBIDE DINITRATO'
'ISOSORBIDE MONONITRATO','ISOSORBIDE MONONITRATO'
'ISOTRETINOINA','ISOTRETINOINA'
'ITRACONAZOLO','ITRACONAZOLO'
'IVABRADINA','IVABRADINA'
'KETOPROFENE','KETOPROFENE'
'KETOROLAC','KETOROLAC'
'LACIDIPINA','LACIDIPINA'
'LACOSAMIDE','LACOSAMIDE'
'LACRIME ARTIFICIALI ED ALTRI PREPARATI NEUTRI','LACRIME ARTIFICIALI ED ALTRI PREPARATI NEUTRI'
'LAMOTRIGINA','LAMOTRIGINA'
'LANSOPRAZOLO','LANSOPRAZOLO'
'LATANOPROST','LATANOPROST'
'LATTULOSIO','LATTULOSIO'
'LERCANIDIPINA','LERCANIDIPINA'
'LETROZOLO','LETROZOLO'
'LEUPRORELINA','LEUPRORELINA'
'LEVETIRACETAM','LEVETIRACETAM'
'LEVOCETIRIZINA','LEVOCETIRIZINA'
'LEVODOPA','LEVODOPA'
'LEVODOPA ED INIBITORE DELLA DECARBOSSILASI','LEVODOPA ED INIBITORE DELLA DECARBOSSILASI'
'LEVODROPROPIZINA','LEVODROPROPIZINA'
'LEVOFLOXACINA','LEVOFLOXACINA'
'LEVOSULPIRIDE','LEVOSULPIRIDE'
'LEVOTIROXINA SODICA','LEVOTIROXINA SODICA'
'LIDOCAINA','LIDOCAINA'
'LIMECICLINA','LIMECICLINA'
'LINAGLIPTIN',only Case I
'LINCOMICINA','LINCOMICINA'
'LISINOPRIL','LISINOPRIL'
'LISINOPRIL E DIURETICI','LISINOPRIL E DIURETICI'
'LITIO','LITIO'
'LOPERAMIDE','LOPERAMIDE'
'LORATADINA','LORATADINA'
'LORAZEPAM','LORAZEPAM'
'LORMETAZEPAM','LORMETAZEPAM'
'LOSARTAN','LOSARTAN'
'LOSARTAN E DIURETICI','LOSARTAN E DIURETICI'
'LOVASTATINA','LOVASTATINA'
'MACROGOL','MACROGOL'
'MACROGOL ASSOCIAZIONI','MACROGOL ASSOCIAZIONI'
'MAGALDRATO','MAGALDRATO'
'MAGNESIO PIDOLATO','MAGNESIO PIDOLATO'
'MANIDIPINA','MANIDIPINA'
'MEBENDAZOLO','MEBENDAZOLO'
'MEFLOCHINA','MEFLOCHINA'
'MELATONINA','MELATONINA'
'MELEVODOPA E INIBITORI DELLA DERCARBOSSILASI','MELEVODOPA E INIBITORI DELLA DERCARBOSSILASI'
'MELOXICAM','MELOXICAM'
'MEMANTINA','MEMANTINA'
'MESALAZINA','MESALAZINA'
'METAMIZOLO SODICO','METAMIZOLO SODICO'
'METFORMINA',only Case I
'METFORMINA E LINAGLIPTIN',only Case I
'METFORMINA E SITAGLIPTIN',only Case I
'METFORMINA E SULFONILUREE',only Case I
'METFORMINA ED EMPAGLIFLOZIN',only Case I
'METILERGOMETRINA','METILERGOMETRINA'
'METILPREDNISOLONE','METILPREDNISOLONE'
'METILPREDNISOLONE ACEPONATO','METILPREDNISOLONE ACEPONATO'
'METOCLOPRAMIDE','METOCLOPRAMIDE'
'METOLAZONE','METOLAZONE'
'METOPROLOLO','METOPROLOLO'
'METOTREXATO','METOTREXATO'
'METRONIDAZOLO','METRONIDAZOLO'
'MICONAZOLO','MICONAZOLO'
'MICROORGANISMI ANTIDIARROICI','MICROORGANISMI ANTIDIARROICI'
'MINERALI/VITAMINE/AMINOACIDI/PROTEINE','MINERALI/VITAMINE/AMINOACIDI/PROTEINE'
'MINOCICLINA','MINOCICLINA'
'MIRTAZAPINA','MIRTAZAPINA'
'MOMETASONE','MOMETASONE'
'MONTELUKAST','MONTELUKAST'
'MORNIFLUMATO','MORNIFLUMATO'
'MOXIFLOXACINA','MOXIFLOXACINA'
'NADROPARINA','NADROPARINA'
'NAPROXENE','NAPROXENE'
'NEBIVOLOLO','NEBIVOLOLO'
'NEBIVOLOLO E TIAZIDI','NEBIVOLOLO E TIAZIDI'
'NEDOCROMILE','NEDOCROMILE'
'NEOMICINA','NEOMICINA'
'NETILMICINA','NETILMICINA'
'NIFEDIPINA','NIFEDIPINA'
'NIMESULIDE','NIMESULIDE'
'NISTATINA','NISTATINA'
'NITRAZEPAM','NITRAZEPAM'
'NITROGLICERINA','NITROGLICERINA'
'NOMEGESTROLO','NOMEGESTROLO'
'NOMEGESTROLO ED ESTROGENI','NOMEGESTROLO ED ESTROGENI'
'NORTRIPTILINA','NORTRIPTILINA'
'OFLOXACINA','OFLOXACINA'
'OLANZAPINA','OLANZAPINA'
'OLMESARTAN MEDOXOMIL','OLMESARTAN MEDOXOMIL'
'OLMESARTAN MEDOXOMIL E AMLODIPINA','OLMESARTAN MEDOXOMIL E AMLODIPINA'
'OLMESARTAN MEDOXOMIL E DIURETICI','OLMESARTAN MEDOXOMIL E DIURETICI'
'OMEGA-3-TRIGLICERIDI INCLUSI ALTRI ESTERI E ACIDI','OMEGA-3-TRIGLICERIDI INCLUSI ALTRI ESTERI E ACIDI'
'OMEPRAZOLO','OMEPRAZOLO'
'ORGANISMI PRODUTTORI DI ACIDO LATTICO','ORGANISMI PRODUTTORI DI ACIDO LATTICO'
'OVULI E CAPSULE VAGINALI','OVULI E CAPSULE VAGINALI'
'OXAPROZINA','OXAPROZINA'
'OXCARBAZEPINA','OXCARBAZEPINA'
'OXIBUTININA','OXIBUTININA'
'OXICODONE E NALOXONE','OXICODONE E NALOXONE'
'PANTOPRAZOLO','PANTOPRAZOLO'
'PARACETAMOLO','PARACETAMOLO'
'PARACETAMOLO ASSOCIAZIONI ESCLUSI GLI PSICOLETTICI','PARACETAMOLO ASSOCIAZIONI ESCLUSI GLI PSICOLETTICI'
'PAROXETINA','PAROXETINA'
'PENCICLOVIR','PENCICLOVIR'
'PENTOXIFILLINA','PENTOXIFILLINA'
'PERFENAZINA','PERFENAZINA'
'PERINDOPRIL','PERINDOPRIL'
'PERINDOPRIL E AMLODIPINA','PERINDOPRIL E AMLODIPINA'
'PERINDOPRIL E DIURETICI','PERINDOPRIL E DIURETICI'
'PIOGLITAZONE',only Case I
'PIPERACILLINA ED INIBITORI ENZIMATICI','PIPERACILLINA ED INIBITORI ENZIMATICI'
'PIRACETAM','PIRACETAM'
'PIRIDOSTIGMINA','PIRIDOSTIGMINA'
'PIROXICAM','PIROXICAM'
'POLIENZIMI (LIPASI','POLIENZIMI (LIPASI'
'POLIVALENTI','POLIVALENTI'
'POLIVITAMINICI ED ALTRI MINERALI','POLIVITAMINICI ED ALTRI MINERALI'
'POLIVITAMINICI ED ALTRI MINERALI INCLUSE LE ASSOCIAZIONI','POLIVITAMINICI ED ALTRI MINERALI INCLUSE LE ASSOCIAZIONI'
'POTASSIO CLORURO','POTASSIO CLORURO'
'POVIDONE-IODIO','POVIDONE-IODIO'
'PRAMIPEXOLO','PRAMIPEXOLO'
'PRAVASTATINA','PRAVASTATINA'
'PRAZEPAM','PRAZEPAM'
'PREDNISONE','PREDNISONE'
'PREGABALIN','PREGABALIN'
'PREPARATI A BASE DI DERIVATI DELLACIDO SALICILICO','PREPARATI A BASE DI DERIVATI DELLACIDO SALICILICO'
'PREPARATI INDIFFERENTI','PREPARATI INDIFFERENTI'
'PRODOTTI ANTIEMORROIDALI E ANTIRAGADI','PRODOTTI ANTIEMORROIDALI E ANTIRAGADI'
'PRODOTTI PER APPARATO GASTROINTESTINALE','PRODOTTI PER APPARATO GASTROINTESTINALE'
'PRODOTTI PER APPARATO GENITALE','PRODOTTI PER APPARATO GENITALE'
'PRODOTTI PER LA CUTE','PRODOTTI PER LA CUTE'
'PROGESTERONE','PROGESTERONE'
'PROMAZINA','PROMAZINA'
'PROMESTRIENE','PROMESTRIENE'
'PROPAFENONE','PROPAFENONE'
'PROPANTELINA E PSICOLETTICI','PROPANTELINA E PSICOLETTICI'
'PROPRANOLOLO','PROPRANOLOLO'
'PRULIFLOXACINA','PRULIFLOXACINA'
'QUETIAPINA','QUETIAPINA'
'QUINAPRIL','QUINAPRIL'
'QUINAPRIL E DIURETICI','QUINAPRIL E DIURETICI'
'RABEPRAZOLO','RABEPRAZOLO'
'RAMIPRIL','RAMIPRIL'
'RAMIPRIL E AMLODIPINA','RAMIPRIL E AMLODIPINA'
'RAMIPRIL E DIURETICI','RAMIPRIL E DIURETICI'
'RANITIDINA','RANITIDINA'
'RANOLAZINA','RANOLAZINA'
'REPAGLINIDE',only Case I
'RIFAXIMINA','RIFAXIMINA'
'RISPERIDONE','RISPERIDONE'
'RIVAROXABAN','RIVAROXABAN'
'RIVASTIGMINA','RIVASTIGMINA'
'RIZATRIPTAN','RIZATRIPTAN'
'ROSUVASTATINA','ROSUVASTATINA'
'ROTIGOTINA','ROTIGOTINA'
'ROXITROMICINA','ROXITROMICINA'
'RUPATADINA','RUPATADINA'
'SABAL SERRULATA FRUTTO (SERENOA REPENS)','SABAL SERRULATA FRUTTO (SERENOA REPENS)'
'SACCHAROMYCES BOULARDII','SACCHAROMYCES BOULARDII'
'SAFINAMIDE','SAFINAMIDE'
'SALBUTAMOLO','SALBUTAMOLO'
'SALBUTAMOLO E BECLOMETASONE','SALBUTAMOLO E BECLOMETASONE'
'SALBUTAMOLO E IPRATROPIO BROMURO','SALBUTAMOLO E IPRATROPIO BROMURO'
'SALMETEROLO E FLUTICASONE','SALMETEROLO E FLUTICASONE'
'SCIROPPI E GRANULATI','SCIROPPI E GRANULATI'
'SERTRALINA','SERTRALINA'
'SILDENAFIL','SILDENAFIL'
'SILICONI','SILICONI'
'SILODOSINA','SILODOSINA'
'SIMVASTATINA','SIMVASTATINA'
'SIMVASTATINA ED EZETIMIBE','SIMVASTATINA ED EZETIMIBE'
'SODIO PICOSOLFATO','SODIO PICOSOLFATO'
'SODIO PICOSOLFATO ASSOCIAZIONI','SODIO PICOSOLFATO ASSOCIAZIONI'
'SOSTANZE DISINTOSSICANTI PER TRATTAMENTI CITOSTATICI','SOSTANZE DISINTOSSICANTI PER TRATTAMENTI CITOSTATICI'
'SOTALOLO','SOTALOLO'
'SPIRAMICINA','SPIRAMICINA'
'SPIRONOLATTONE','SPIRONOLATTONE'
'STIPSI E TRANSITO INTESTINALE','STIPSI E TRANSITO INTESTINALE'
'SUCRALFATO','SUCRALFATO'
'SULFAMETOXAZOLO E TRIMETOPRIM','SULFAMETOXAZOLO E TRIMETOPRIM'
'SULODEXIDE','SULODEXIDE'
'TADALAFIL','TADALAFIL'
'TAFLUPROST','TAFLUPROST'
'TAMOXIFENE','TAMOXIFENE'
'TAMSULOSINA','TAMSULOSINA'
'TAPENTADOLO','TAPENTADOLO'
'TELMISARTAN','TELMISARTAN'
'TELMISARTAN E DIURETICI','TELMISARTAN E DIURETICI'
'TERBINAFINA','TERBINAFINA'
'TESTOSTERONE','TESTOSTERONE'
'TIAMAZOLO','TIAMAZOLO'
'TIAMFENICOLO','TIAMFENICOLO'
'TICAGRELOR','TICAGRELOR'
'TICLOPIDINA','TICLOPIDINA'
'TIMOLOLO','TIMOLOLO'
'TIMOLOLO ASSOCIAZIONI','TIMOLOLO ASSOCIAZIONI'
'TINIDAZOLO','TINIDAZOLO'
'TIOCOLCHICOSIDE','TIOCOLCHICOSIDE'
'TIOCONAZOLO','TIOCONAZOLO'
'TIOTROPIO BROMURO','TIOTROPIO BROMURO'
'TIZANIDINA','TIZANIDINA'
'TOBRAMICINA','TOBRAMICINA'
'TOLTERODINA','TOLTERODINA'
'TONICI PSICO-FISICI E MEMORIA','TONICI PSICO-FISICI E MEMORIA'
'TOPIRAMATO','TOPIRAMATO'
'TORASEMIDE','TORASEMIDE'
'TRAMADOLO','TRAMADOLO'
'TRAMADOLO E DEXKETOPROFENE','TRAMADOLO E DEXKETOPROFENE'
'TRAMADOLO E PARACETAMOLO','TRAMADOLO E PARACETAMOLO'
'TRAVOPROST','TRAVOPROST'
'TRAZODONE','TRAZODONE'
'TRIAMCINOLONE','TRIAMCINOLONE'
'TRIAMCINOLONE ED ANTIBIOTICI','TRIAMCINOLONE ED ANTIBIOTICI'
'TRIAZOLAM','TRIAZOLAM'
'TRIMEBUTINA','TRIMEBUTINA'
'TRIMIPRAMINA','TRIMIPRAMINA'
'TRIPTORELINA','TRIPTORELINA'
'UBIDECARENONE','UBIDECARENONE'
'UMECLIDINIO BROMURO','UMECLIDINIO BROMURO'
'VALACICLOVIR','VALACICLOVIR'
'VALSARTAN','VALSARTAN'
'VALSARTAN E DIURETICI','VALSARTAN E DIURETICI'
'VALSARTAN E SACUBITRIL','VALSARTAN E SACUBITRIL'
'VARDENAFIL','VARDENAFIL'
'VARI','VARI'
'VENLAFAXINA','VENLAFAXINA'
'VERAPAMIL','VERAPAMIL'
'VILANTEROLO E FLUTICASONE FUROATO','VILANTEROLO E FLUTICASONE FUROATO'
'VILANTEROLO E UMECLIDINIO BROMURO','VILANTEROLO E UMECLIDINIO BROMURO'
'VITAMINA B1','VITAMINA B1'
'VORTIOXETINA','VORTIOXETINA'
'WARFARIN','WARFARIN'
'ZOFENOPRIL','ZOFENOPRIL'
'ZOLPIDEM','ZOLPIDEM'
'ZUCLOPENTIXOLO','ZUCLOPENTIXOLO'