,Feature,Counts
0,VIRAL GASTROENTERITITIS,1
1,PULMONARY TUBERCULOSIS,2
2,POT DISEASE,1
3,TUBERCULOSIS SPINAL COLUMN TESTS NOT KNOWN,1
4,HIP TUBERCULOSIS,1
5,STREPTOCOCCAL PHARYNGITIS,1
6,ERYSIPELA lower right limb,1
7,ACTINOMYCOTIC LUNG INFECTION,1
8,HELICOBACTER PYLORI INFECTION,13
9,HUMAN HIV IMMUNODEFICIENCY VIRUS INFECTION,1
10,CHICKENPOX,6
11,SHINGLES,56
12,DISCIFORM KERATITIS FROM HERPES SIMPLEX,1
13,RUBELLA,6
14,HEPATITIS A,1
15,HEPATITIS B,2
16,CHRONIC VIRAL HEPATITIS B,3
17,Acute VIRAL HEPATITIS C,1
18,CHRONIC HEPATITIS C 3rd,21
19,INFECTIOUS MONONUCLEOSIS,10
20,Plantar WARTS,1
21,BUTTON FEVER,1
22,PRIMARY GENITAL SYPHILIS,1
23,Recurrent non-gonococcal urethritis,1
24,ONYCOMYCOSIS LEFT TOE,4
25,TINEA MANUUM,1
26,TINEA CRURIS,1
27,DERMATOPHYTOSIS other locations - MYCOSIS - inguinal,1
28,MYCOSIS,1
29,OTHER DERMATOMYCOSES others,1
30,MOUTH CANDIDIASIS,1
31,CANDIDA VULVOVAGINITIS,2
32,SCABIES,2
33,SARCOIDOSI,1
34,K FLOOR MOUTH,1
35,K ESOPHAGUS,2
36,K BODY STOMACH,1
37,K STOMACH,13
38,K TRANSVERSE COLON,2
39,K LEFT COLON,2
40,K SIGMA,5
41,K RIGHT COLON,4
42,K COLON,16
43,K RECTOSIGMOID JUNCTION,2
44,K RIGHT,7
45,K PRIMITIVES LIVER,2
46,K LIVER,5
47,K HEAD PANCREAS,1
48,K PANCREAS,7
49,K LARYNX,3
50,K BRONCHI,2
51,K PULMONARY,11
52,K LONG BONES LOWER LIMB,1
53,K CONNECTIVE AND OTHER SOFT TISSUES,1
54,Clark's level III TRUNK MELANOMA,1
55,CUTANEOUS MELANOMA,11
56,OTHER K SKIN FOREHEAD sarcomatoid carcinoma,1
57,SPINOCELLULAR EPITHELIOMA,9
58,K BREAST RIGHT INTERNAL LOWER QUADRANT Interv. of QUART with emptying. armpit cable,1
59,K UPPER-EXTERNAL DIAL OF WOMEN'S BREAST,2
60,K UDDLE,50
61,K UTERUS,7
62,K EXOCERVIX,1
63,K CERVIX,2
64,K BODY OF THE UTERUS EXCEPT LISTMO,2
65,K OVARY,5
66,K PROSTATE,54
67,K TESTICLE,2
68,K FORESKIN,1
69,K PENIS,2
70,K BLADDER TRIGONE,1
71,K BLADDER,18
72,K RIGHT KIDNEY,10
73,K BRAIN,2
74,K Papillary THYROID,8
75,K THYROID,3
76,K K PELVIS,1
77,META LUNG,1
78,LIVER METASTASES from K colon,2
79,BRAIN AND SPINAL CORD METASTASIS,1
80,NODAL MARGINAL B LYMPHOMA,7
81,HODGKIN DISEASE CELLULARITY?…Ç«® MIXED,1
82,HODGKIN'S DISEASE,2
83,Lymphoma,10
84,HAIRY CELL LEUKEMIA,1
85,LYMPHOMA with gastric localization,1
86,MULTIPLE MYELOMA,1
87,CHRONIC LYMPHOID LEUKEMIA,3
88,CHRONIC LYMPHOID LEUKEMIA IN REMISSION,1
89,ACUTE MYELOID LEUKEMIA,1
90,CHRONIC MYELOID LEUKEMIA,1
91,ESSENTIAL THROMBOCYTHEMIA,7
92,OTHER ACUTE LEUKEMIAS ACUTE LYMPHOBLASTIC,1
93,COLON POLYPS,31
94,TB INTESTINAL TRACT,1
95,Inflammatory LIPOMA of the back,1
96,UTERUS FIBROMYOMA,1
97,UTERINE FIBROMYOMA,2
98,UTERUS FIBROMA,2
99,TB OVARY,1
100,ADENOMATOUS POLYP with low grade dysplasia of the colon,1
101,TB CRANIAL NERVES,3
102,CEREBRAL MENINGIOMA,6
103,TB ADRENAL GLANDS,8
104,PITUITARY ADENOMA,2
105,K IN SITU BREAST,2
106,UNCERTAIN PAROTID TUMOUR,1
107,UNCERTAIN PANCREAS CANCER,2
108,MULTIPLE PULMONARY NODULES OF NDD,1
109,UNCERTAIN TUMOR ADRENAL GLANDS on the left (1 cm),1
110,NEUROFIBROMATOSIS RECKLINGHAUSEN,1
111,POLYCYTHEMIA VERA,1
112,CHRONIC MYELOPROLIFERATIVE DISEASE,4
113,BREAST NODULE,1
114,ENDOCRINE GLAND CANCER NATURE UNSPECIFIED,1
115,Papillary neoplasm on lateral neck cyst,2
116,GOITER,18
117,THYROID NODULE,23
118,NON-TOXIC MULTINODULAR GOITER,108
119,NON-TOXIC NODULAR GOITER,7
120,Graves disease,13
121,TOXIC UNINODULAR GOITER,4
122,Toxic uninodular goiter without thyrotoxic crisis,2
123,TOXIC MULTINODULAR GOITER,14
124,TOXIC NODULAR GOITER,2
125,SUSPENDED HYPERTHYROIDISM Hashitoxicosis,3
126,CONGENITAL HYPOTHYROIDISM,2
127,POST-SURGICAL HYPOTHYROIDISM,20
128,IATROGENIC HYPOTHYROIDISM,1
129,ACQUIRED HYPOTHYROIDISM OTHER,4
130,HYPOTHYROIDISM from chronic thyroiditis,51
131,SUBACUTE THYROIDITIS,2
132,HASHIMOTO THYROIDITIS,54
133,CHRONIC THYROIDITIS,1
134,THYROIDITIS,3
135,THYROID CYSTS,2
136,HYPERINSULINISM,1
137,PRIMARY HYPERPARATHYROIDISM Parathyroid adenoma,1
138,HYPOPARATHYROIDISM,2
139,ACROMEGALY AND GIGANTISM,1
140,HYPERPROLACTINEMIA,2
141,ISOLATED GROWTH HORMONE DEFICIT GH ET?…Ç«® DEVELOPMENTAL,1
142,HYPERCHOLESTEROLEMIA,95
143,ISOLATED OR SPORADIC HYPERTRIGLYCERIDEMIA,1
144,DYSLIPIDEMIA,26
145,DYSLIPIDEMIA - HYPERLIPIDEMIA -,38
146,MONOCLONAL GAMMAPATHY of uncertain significance,60
147,GOUTY ARTHROPATHY < GOUT >,1
148,GOUT,87
149,Parathyroid-free hypocalcemia,2
150,GILBERT SYNDROME,106
151,MUCOPOLYSACCHARIDOSIS,1
152,HISTOCYTOSIS,1
153,OBESITY,29
154,SEVERE OBESITY,1
155,HYPOGAMMAGLOBULINEMIA,2
156,IRON FREE ANEMIA,1
157,SIDE OPENING ANEMIA,32
158,PERNICIOUS ANEMIA,2
159,VITAMIN B12 DEFICIENCY ANEMIA < MEGALOBLASTIC >,1
160,MACROCYTIC ANEMIA,3
161,THALASSEMIA MINOR,8
162,HEMOGLOBINOPATHY,1
163,APLASTIC ANEMIA,1
164,mild normochromic ANEMIA macrocytic,2
165,SCHOENLEIN-HENOCH VASCULAR PURPURA,1
166,PURPLE,1
167,PRIMARY THROMBOCYTOPENIA,1
168,THROATPINOPENIA,9
169,NEUTROPENIA,1
170,EOSINOPHILIA Disease caused by eosinophilic infiltrates,1
171,SUSPECTED: POLYCYTHEMIA probably. secondary to the s. disventitaloria,9
172,LYMPHADENITIS right armpit,1
173,MYELOFIBROSIS,5
174,SENILE DEMENTIA,44
175,PRESENILE DEMENTIA,2
176,SENILE PSYCHOSIS,2
177,ARTERIOSCLEROTIC DEMENTIA,22
178,DELIRIUM TREMENS,1
179,SCHIZOPHRENIC PSYCHOSIS SIMPLE TYPE,2
180,PARANOID TYPE SCHIZOPHRENIC PSYCHOSIS,1
181,SCHIZOAFFECTIVE TYPE,1
182,MANIC DEPRESSIVE PSYCHOSIS OF MANIC TYPE,1
183,ENDOGENOUS DEPRESSION,9
184,MAJOR DEPRESSION RECURRING EPISODE,2
185,BIPOLAR AFFECTIVE SYNDROME,2
186,MANIC-DEPRESSIVE PSYCHOSIS,2
187,DEPRESSIVE PSYCHOSIS,2
188,PSYCHOSIS,12
189,ANXIETY,13
190,PANIC ATTACK,4
191,ANXIOUS DEPRESSION,23
192,BODY DYSMORPHIC SYNDROME,1
193,ERECTILE DYSFUNCTION,1
194,PSYCHOSEXUAL DYSFUNCTION WITH PREMATURE EJACULATION,1
195,CHRONIC ALCOHOLISM,2
196,CANNABIS DRUG ADDICTION,1
197,HEART PALM,1
198,INSOMNIA,1
199,BULIMIA,1
200,TENSION HEADACHE,4
201,ANXIETY EMOTIONAL CRISIS OR PANIC STATE DUE TO STRESS,1
202,COGNITIVE DEFICIT,3
203,DEPRESSION,59
204,DYSLEXIA DEVELOPMENT,1
205,FUNCTIONAL COLONPATHY < SPASTIC COLITIS >,1
206,VIRAL MENINGITIS FROM TUSCANY VIRUS,1
207,ALZHEIMER'S DISEASE,22
208,ACQUIRED HYDROCEPHALUS,1
209,PARKINSON'S DISEASE,18
210,SECONDARY PARKINSONISM,2
211,PROGRESSIVE SUPRANUCLEAR PARALYSIS,1
212,BENIGN ESSENTIAL TREMOR,4
213,DYSTONIA MUSCULORUM DEFORMANS,1
214,EXTRAPYRAMIDAL SYNDROME,1
215,EXTRAPYRAMIDAL DISEASES AND MOVEMENT DISORDERS,1
216,AMYOTROPHIC LATERAL SCLEROSIS,2
217,SYRINGOMYELIA - SYRINGOBULBIA -,1
218,Lumbar spondylogenous myelopathy,1
219,MULTIPLE SCLEROSIS < SAP >,4
220,OPTICAL NEUROMYELITIS,1
221,LEFT HEMIPARESIS,1
222,TETRAPLEGIA in cervical myelic fracture,2
223,CONGENITAL SPASTIC CEREBRAL PALSY,1
224,GENERALIZED NON-CONVULSIVE EPILEPSY,1
225,GENERALIZED CONVULSIVE EPILEPSY,1
226,PARTIAL EPILEPSY,1
227,EPILEPSY,13
228,MIGRAINE WITH AURA,4
229,Common migraine,1
230,MIGRAINE,22
231,MULTIINFARTUAL ENCEPHALOPATHY,1
232,TRIGEMINAL NEURALGIA,2
233,BELL PARALYSIS,1
234,LEFT CARPAL TUNNEL SYNDROME,18
235,METARSALGIA MORTON NEURALGIA OR NEURINOMA on the right,2
236,POLYNEUROPATHY DUE TO OTHER TOXIC AGENTS,1
237,TOXIC AND INFLAMMATORY NEUROPATHIES,1
238,SEVERE MYASTHENIA,2
239,BENIGN CONGENITAL MYOPATHY,1
240,GAIT DISORDERS,5
241,RETINAL DETACHMENT,3
242,AMAUROSIS FUGAX,1
243,CENTRAL RETINA VEIN OCCLUSION,1
244,MACULAR DEGENERATION,1
245,MACULOPATHY,3
246,IRIDOCYCLITIS,1
247,RECURRENT ANTERIOR UVEITIS,1
248,UVEITIS,3
249,GLAUCOMA LIMIT,7
250,Ocular hypertension,1
251,OPEN ANGLE GLAUCOMA,4
252,Simple chronic GLAUCOMA,1
253,GLAUCOMA,142
254,SENILE CATARACT Interv. of phacoemulsification and implantation,1
255,CATARACT,4
256,DIPLOPIA,1
257,VISUAL FIELD DEFECTS right homonymous hemianopia,1
258,THEY GIVE DEEP VISION IN BOTH EYES,2
259,VISION DEFICIT,1
260,MODERATE BLINDNESS BETTER EYE OTHER SERIOUS IMPAIRMENT,1
261,BLINDNESS?…Ç«® DX,3
262,HYPOVISUS,2
263,HERPETIC KERATITIS,1
264,KERATOCONUS,1
265,CONJUNCTIVITIS,2
266,CALAZIO SX,1
267,EYELID PTOSIS,1
268,OPTICAL NEURITIS OD,1
269,OPTICAL PAPILLITIS,1
270,EXOTROPIA,1
271,SIXTH NERVE PARESIS OR ABDUCENT NERVE OS,1
272,VITREAL DETACHMENT,1
273,VITREAL HEMORRHAGE,1
274,INFECTIOUS OTITIS EXTERNAL,1
275,ACUTE OTITIS EXTERNAL,3
276,CHRONIC SEROUS OTITIS MEDIA,1
277,CATARRAL OTITIS MEDIA,4
278,OTITIS MEDIA,4
279,CHOLESTEATOMA,1
280,MENIERE DISEASE,2
281,BENIGN PAROXYSTICAL POSTURAL VERTIGO,1
282,VESTIBULAR NEURONITIS,1
283,COCHLEAR OTOSCLEROSIS Au right,1
284,OTOSCLEROSIS,3
285,PRESBYACUSIS,1
286,TINNITUS,1
287,TINNITUS Au left,2
288,NEUROSENSORIAL HARDNESS?…Ç«®,1
289,DEAF MUTE,1
290,HEARING IMPAIRMENT,21
291,Mitral stenosis,1
292,RHEUMATIC MITRAL VALVULOPATHY,1
293,CHRONIC RHEUMATIC VALVULOPATHY,1
294,ESSENTIAL HYPERTENSION,8
295,BENIGN ARTERIAL HYPERTENSION,1
296,HYPERTENSION,613
297,HYPERTENSIVE HEART DISEASE,5
298,ACUTE MYOCARDIAL INFARCTION,46
299,NON Q heart attack,2
300,INTERMEDIATE CORONARY SYNDROME,1
301,PREVIOUS MYOCARDIAL INFARCTION,15
302,ANGINA PECTORIS,1
303,ARTERIOSCLEROTIC HEART DISEASE,3
304,CHRONIC MYOCARDIAL ISCHEMIA,11
305,CHRONIC CARDIAC ISCHEMIA,84
306,PULMONARY EMBOLISM,4
307,CHRONIC HEART OF LUNG,1
308,MITRAL INSUFFICIENCY,15
309,AORTIC STENOSIS,23
310,TRICUSPIS INSUFFICIENCY,1
311,STENOSING HYPERTROPHIC MYOCARDIOPATHY,3
312,DILATED CARDIOMYOPATHY,3
313,MYOCARDIOPATEDIES,1
314,COMPLETE ATRIOVENTRICULAR BLOCK,4
315,AV BLOCK 1?…¨? GRADE,1
316,ATRIOVENTRICULAR BLOCK I GRADE,1
317,LEFT BRANCH HEMIBLOCK,1
318,COMPLETE SN BRANCH BLOCK,6
319,WOLFF-PARKINSON-WHITE SYNDROME,2
320,OTHER SPECIFIED CONDUCTION DISORDERS,1
321,CONDUCTION DISORDERS BRUGADA SYNDROME,1
322,SUPRAVENTRICULAR PAROXYSTICAL TACHYCARDIA,10
323,ATRIAL FIBRILLATION,82
324,ATRIAL FLUTTER,4
325,CARDIAC ARREST,1
326,VENTRICULAR EXTRASYSTOLES,1
327,EXTRASYSTOLE,2
328,SINOATRIAL NODE DYSFUNCTION,1
329,CARDIAC ARRHYTHMIA,1
330,CONGESTIVE HEART FAILURE CONGESTIVE HEART FAILURE,3
331,CARDIAC ASTHMA,1
332,HEART FAILURE,96
333,SENILE MYOCARDITIS,1
334,SUBARACHNOID HEMORRHAGE,4
335,CEREBRAL HEMORRHAGE IN THE RIGHT FRONTAL SITE,4
336,CEREBRAL HEMORRHAGE,1
337,SUBDURAL HEMORRHAGE,1
338,CAROTID ARTERY STENOSIS,3
339,CAROTID STENOSIS,5
340,Cerebral thrombosis,2
341,CEREBRAL STROKE < CEREBRAL ARTERY OCCLUSION >,42
342,TRANSIENT CEREBRAL ISCHEMIA < TIA >,7
343,TRANSIENT CEREBRAL ISCHEMIA,17
344,STROKE,53
345,CEREBRAL ARTERIOSCLEROSIS,3
346,MULTINFARTUAL ENCEPHALOPATHY,19
347,CIRCULATORY DISORDERS BRAIN,4
348,AFTERMATH OF CEREBROVASCULAR DISEASES,2
349,AORTA ATHEROSCLEROSIS,1
350,ATHEROSCLEROSIS LOWER LIMBS,9
351,Atherosclerosis native arteries of the limbs with intermittent claudication,3
352,ARTERIOSCLEROSIS,5
353,NOT RUPTURED ABDOMINAL AORTA ANEURYSM,3
354,UNRUPTURATED AORTIC ANEURYSM,1
355,Thoracic AORTA DILATION,17
356,ILIAC ARTERY ANEURYSM,1
357,RIGHT SUPERFICIAL FEMOR ARTERY ANEURYSM,1
358,POST-TRAUMATIC A. TEMPORAL ANEURYSM LEFT,2
359,RAYNAUD SYNDROME,3
360,PERIPHERAL OBLITERANT ARTERIAL DISEASE PAD,2
361,EMBOLISM AND THROMBOSIS OF THE ARTERIES OF THE LOWER LIMBS,2
362,EMBOLISM AND ARTERIAL THROMBOSIS right upper limb,1
363,CHURG-STRAUSS SYNDROME,1
364,HORTON DISEASE,2
365,ACQUIRED ARTEROVENOUS FISTULA,1
366,STENOSIS OF THE LEFT SUBCLAVIA ARTERIES,2
367,Obliterating ARTERIOPATHY of the lower limbs,7
368,VASCULITIS,2
369,SUPERFICIAL PHLEBITIS OF LOWER LIMBS < THROMBOPHLEBITIS >,1
370,DEEP VENOUS THROMBOSIS right lower limb,1
371,POPLITEAL THROMBOPHLEBITIS,2
372,PERIPHLEBITIS internal saphenous vein right,1
373,VENOUS THROMBOSIS dural sinuses,1
374,ASCENDING VENOUS THROMBOSIS GR. SAFENA SN,4
375,VARICOSE ULCERS EXTREMIT?…Ç«® LOW,1
376,VARICOSE OF LOWER LIMBS,15
377,INTERNAL HEMORRHOIDS,1
378,HEMORRHOIDS,4
379,THROMBIZED HEMORRHOIDS,1
380,HEMORRHOID CRISIS,1
381,ESOPHAGEAL VARICES WITHOUT BLEEDING,1
382,VARICOCELE,9
383,NONFILARIAL ELEPHANTYASIS lower limbs,1
384,VENOUS INSUFFICIENCY LOWER LIMBS,2
385,PHARYNGITIS,5
386,COLD < RINOPHARYNGITIS >,1
387,MAXILLARY SINUSITIS,1
388,ACUTE FRONTAL SINUSITIS,1
389,Acute mucopurulent SINUSITIS,3
390,ACUTE PHARYNGITIS,5
391,TONSILLITIS,9
392,PARAINFLUENZA SYNDROME,2
393,BRONCHITIS,6
394,NASAL SEPTAL DEVIATION,1
395,NASAL CAVIT POLYPS?…Ç«®,1
396,CHRONIC RHINITIS,2
397,CHRONIC ETHMOIDAL SINUSITIS,1
398,CHRONIC SINUSITIS,3
399,ALLERGIC RHINITIS,5
400,NASAL TURBINATE HYPERTROPHY,1
401,POLYP VOCAL CORDS OR LARYNX,2
402,VOCAL CORD GRANULOMA,1
403,LOBAR PNEUMONIA,1
404,Bronchopneumonia,50
405,Right midthoracic BRONCHOPNEUMONITIS,2
406,PNEUMONIA,7
407,INFLUENCE,39
408,CHRONIC OBSTRUCTIVE BRONCHITIS < COPD > flared up,30
409,CHRONIC ASTHMATIC BRONCHITIS,1
410,CHRONIC OBSTRUCTIVE BRONCHITIS WITH FLARE,1
411,CHRONIC ASTHATIFORM BRONCHITIS,3
412,Extrinsic asthma,1
413,Bronchial asthma,91
414,BRONCHIECTASIA,1
415,COPD CHRONIC OBSTRUCTIVE BRONCHITIS,31
416,CHRONIC LUNG FIBROSIS,1
417,Exudative pleurisy (viral?),2
418,PNEUMOTHORAX,1
419,ACUTE PNEUMOTHORAX on the RIGHT,1
420,INTERSTITIAL IDIOPATHIC DIFFUSED LUNG FIBROSIS,3
421,ACUTE PULMONARY EDEMA,1
422,CHRONIC RESPIRATORY INSUFFICIENCY,5
423,DIAPHRAGM RELAXATION,1
424,TOOTH ABSCESS,3
425,PERIODONTAL ABSCESS,1
426,ALVEOLAR PYORRHEA,1
427,DERMOID CYST LEFT OVARY,2
428,CARDIAC ACHALASIA,1
429,GASTROESOPHAGEAL REFLUX WITH GRADE I AND II ESOPHAGITIS < GERD >,44
430,REFLUX ESOPHAGITIS 1 AND 2 GRADE,41
431,GASTROESOPHAGEAL REFLUX WITH GRADE III AND IV ESOPHAGITIS < GERD,5
432,GASTROESOPHAGEAL REFLUX < GERD >,5
433,MALLORY-WEISS SYNDROME,1
434,GASTROESOPHAGEAL REFLUX,267
435,ACUTE GASTRIC ULCER WITH HEMORRHAGE of the stump,4
436,ACUTE GASTRIC ULCER,1
437,GASTRIC ULCER,14
438,ACUTE DUODENAL ULCER WITH HEMORRHAGE,6
439,ACUTE DUODENAL ULCER WITH PERFORATION,1
440,ACUTE DUODENAL ULCER,1
441,DUODENAL ULCER WITH HEMORRHAGE,1
442,DUODENAL ULCER WITH PERFORATION,1
443,Chronic duodenal ulcer,1
444,DUODENAL ULCER,51
445,GASTRODUODENAL ULCER,1
446,GASTRODIJUNAL ULCER WITH HEMORRHAGE,1
447,ACUTE GASTRITIS,8
448,CHRONIC ATROPHIC GASTRITIS,4
449,HYPERTROPHIC GASTRITIS,1
450,SUPERFICIAL GASTRITIS,4
451,GASTRITIS AND GASTRODUODENITIS,1
452,DYSPEPSIA,6
453,ACUTE APPENDICITIS,4
454,ACUTE APPENDICITIS WITH PERITONEAL ABSCESS,2
455,INGUINAL HERNIA,28
456,"""IRREDIUCIBLE INCARCERATED PAROCEL",1
457,UMBILICAL HERNIA,1
458,Operated sub-umbilical LAPAROCELE,1
459,LAPAROCELE,1
460,EPIGASTRIC HERNIA,1
461,HIATAL HERNIA,32
462,CROHN'S DISEASE,9
463,REGIONAL ENTERITIS OR COLON CROHN'S DISEASE,6
464,ULCERATIVE COLITIS,3
465,BOWEL OBSTRUCTION,3
466,DIVERTICULUS WITHOUT DUODENAL DIVERTICULITIS,1
467,COLON DIVERTICULUS,15
468,CONSTIPATION,2
469,IRRITABLE COLON,3
470,FUNCTIONAL DIARRHEA,1
471,ANAL FISCAL,2
472,ANAL FISTULA,2
473,PERIANAL ABSCESS,1
474,POSTOPERATIVE POSTINFECTIVE PERITONEAL ADHERENCES,1
475,RECTAL POLYP,3
476,RECTAL PROLAPSE,1
477,Ulcerative PROCTITIS,1
478,INTESTINE PERFORATION,1
479,CHRONIC HEPATITIS FROM HEPATITIS C,31
480,LIVER CIRRHOSIS,5
481,LIVER ABSCESS,1
482,CHOLELITHIASIS WITH ACUTE CHOLECYSTITIS,1
483,CHOLECYSTITIS WITH CHOLELITHIASIS cholecystectomy procedure,5
484,GALLBLADSTONE STONES,117
485,CHOLEDOCULAR LITHIASIS,4
486,GALLBLADDER EMPYEMA,2
487,GALLBLADDER HYDROPS,1
488,CHOLANGITIS,1
489,ACUTE PANCREATITIS,6
490,CHRONIC PANCREATITIS,3
491,PANCREAS CYSTS AND PSEUDOCYSTS,1
492,MELENA,4
493,CELIAC DISEASE,2
494,NEPHROTIC SYNDROME IN MEMBRANOUS GLOMERULONEPHRITIS,2
495,NEPHROTIC SYNDROME,3
496,ACUTE TUBULAR NECROSIS,1
497,CHRONIC RENAL FAILURE,66
498,RENE GRINZO on the right due to the outcome of pyelonephritic episodes due to reflux,1
499,SMALL UNILATERAL KIDNEY with slight insufficiency. renal,1
500,HYDRONEPHROSIS left,1
501,NEPHROLITHIASIS,22
502,URETERAL STONE,5
503,RENAL PTOSIS,3
504,KIDNEY CYSTS,4
505,STENOSIS OF THE LEFT PIELOURETERAL JOINT,3
506,BLADDER STONE,2
507,CYSTITIS,3
508,HYPERACTIVITY?…Ç«® BLADDER,1
509,URETHRAL STENOSIS urethral meatus,4
510,URINARY TRACT INFECTION,8
511,MACROHEMATURIA,3
512,BENIGN PROSTATIC HYPERTROPHY transvesical adenomyomectomy,55
513,PROSTATIC HYPERTROPHY,3
514,ACUTE PROSTATITIS,4
515,CHRONIC PROSTATITIS,4
516,PROSTATITIS,4
517,Bilateral HYDROCELE,4
518,TIGHT PHIMOSIS,6
519,AZOOSPERMIA,1
520,INDURATIO PENIS PLASTICA,2
521,TESTICLE TORSION,1
522,EPIDIDYMIS CYST on the right (Removal procedure 20.3.2000),1
523,SOLITARY CYST OF THE LEFT BREAST,1
524,FIBROCYSTIC MASTOPATHY,3
525,FIBROADENOSIS OF THE BREAST,1
526,BARTHOLIN GLAND ABSCESS,1
527,ENDOMETRIOSIS OVARY,1
528,ENDOMETRIOSIS,1
529,RECTOCELE,4
530,UTERINE PROLAPSE,1
531,COMPLETE UTERO-VAGINAL PROLAPSE,4
532,RIGHT OVARIAN CYSTS in torsion,4
533,ENDOMETRIAL POLYP,4
534,CERVICAL DYSPLASIA,1
535,VAGINA CYSTS,1
536,STRESS URINARY INCONTINENCE IN WOMEN,1
537,OLIGOMENORRHEA,1
538,IRREGULAR MENSTRUAL CYCLE,3
539,INTERMESTRUAL SPOTTING,1
540,METRORHAGIA in fibrous uterus,1
541,EARLY MENOPAUSE,7
542,HABITUAL ABORTION WITHOUT CURRENT PREGNANCY,1
543,TUBARIC PREGNANCY,1
544,Miscarriage,13
545,SPONTANEOUS ABORTION WITHOUT REFERRED COMPLICATION COMPLETE,1
546,VOLUNTARY INTERRUPTION OF PREGNANCY [IVG],1
547,ABORTION,4
548,THREAT OF ABORTION,1
549,"""ESSENTIAL HYPERTENSION IN PREGNANC",1
550,Left gluteal reg abscess,2
551,PILONIDAL CYSTS WITH ABSCESS,4
552,SEBORRHEIC DERMATITIS,1
553,ATOPIC DERMATITIS,1
554,POLYMORPHOUS SOLAR PHOTODERMATITIS,1
555,ECZEMA of the face with folliculitis,1
556,PENFIGO,1
557,ERYTHEMA NODOSO,1
558,Relapsing ROSACEA,2
559,ERYTHEMA of the back,3
560,PSORIASIC ARTHROPATHY,4
561,PSORIASIS,33
562,PITIRIASIS ROSEA,1
563,LICHEN RUBER PLANUS,1
564,LICHEN,2
565,ITCH of ndd,1
566,LICHEN SCLERO-ATROPHIC preputial,1
567,INGROWN TOE LEFT TOE,2
568,ALOPECIA areata,1
569,ALOPECIA AREATA,1
570,TELOGEN EFFLUVIUM,1
571,HIRSUTISM,1
572,NODULOCISTIC ACNE,1
573,ACNE rosacea,3
574,SEBACEOUS CYST,1
575,VENOUS INSUFFICIENCY ULCER right leg,3
576,TROPHIC ULCER left leg,1
577,IDIOPATHIC HURTICARIA,2
578,CHRONIC HURTICARIA,2
579,URTICARIA,5
580,VITILIGO,2
581,SYSTEMIC LUPUS ERYTHEMATOUS,1
582,SJOGREN'S SYNDROME,3
583,CONNECTIVE DISEASE others,1
584,CONNECTIVE DISEASE,2
585,RHEUMATOID ARTHRITIS,6
586,GENERALIZED ARTHROSIS,84
587,COXOPHEMORAL ARTHROSIS <COXARTHROSIS>,6
588,SHOULDER ARTHROSIS,2
589,HIP ARTHROSIS,1
590,KNEE ARTHROSIS,2
591,POLYARTHROSIS,3
592,RHIZARTHROSIS RIGHT,1
593,LEFT COXARTHROSIS,8
594,BILATERAL GONARTHROSIS,5
595,POLYARTHROPATHY - POLYARTHRITIS -,1
596,MONOARTHRITIS left knee of ndd,1
597,MONOARTHRITIS of the elbow (gouty???),1
598,Psoriatic ARTHRITIS,2
599,ANTERIOR HORN INTERNAL MENISCUS INJURY,1
600,INTERNAL MENISCUS INJURY,2
601,EXTERNAL MENISCUS INJURY in the left knee (arthroscopy surgery),1
602,INVERTED ANTERIOR CRUCATE LIGAMENT INJURY,1
603,LEFT KNEE MENISCUS INJURY,2
604,MENISCOPATHY right knee,2
605,KNEE ANKYLOSIS,1
606,LEFT COXALGIA,1
607,RIGHT GONALGIA,5
608,SPONDYLITIS with specific spondylodiscitis,2
609,CERVICAL SPONDYLOSIS WITH MYELOPATHY,1
610,LUMBOSACRAL SPONDYLOARTHROSIS,2
611,LUMBAR SPONDYLOSIS WITH MYELOPATHY,1
612,SPONDYLOARTHROSIS,1
613,RADICULAR COMPRESSION FROM CERVICAL DISC HERNIATION,4
614,LEFT LUMBOSCIATALGIA,11
615,HERNIATED DISC,1
616,INTERVERTEBRAL DISC DISORDERS WITH MYELOPATHY,1
617,CERVICAL DYSCOPATHY WITH MYELOPATHY,1
618,LUMBAR DYSCOPATHY WITH MYELOPATHY,1
619,CERVICAL SPINAL CANAL STENOSIS with SPONDYLOGICAL MYELOPATHY,1
620,CERVICAL SPINE SPRAIN,6
621,DIFFUSED CERVICOBRACHIAL SYNDROME,1
622,CERVICOBRACHIALGIA,1
623,STIFF NECK,1
624,LEFT CERVICOBRACHIALGIA,1
625,LUMBAR SPINAL CANAL STENOSIS,3
626,LOW BACK PAIN,17
627,RIGHT SCIATALGIA,22
628,LUMBOSCIATALGIA,1
629,DORSALGIA,1
630,COCCYDYNY,1
631,POLYMYALGIA RHEUMATICA,7
632,ROTATOR CUFF SYNDROME,3
633,CALCIFIC SHOULDER TENDINITIS,2
634,SCAPOLHOMERAL PERIARTHRITIS,10
635,WRIST CARPUS ENTHESOPATHY,1
636,ENTHESOPATHY OF THE HIP REGION right coxalgia,3
637,KNEE ENTHESOPATHY in progress. distortion trauma,3
638,ANKLE ENTHESOPATHY TARSO arthralgia I metatarso phalangeal,1
639,LEFT CALCANEAL SPUR,1
640,BAKER CYST RIGHT KNEE,1
641,COMPLETE ATRAUMATIC RUPTURE OF THE ROTATOR CUFF,2
642,ATRAUMATIC BICEPS LONG HEAD TENDON RUPTURE,1
643,ATRAUMATIC DACHILLE TENDON RUPTURE,1
644,DUPUYTREN'S DISEASE,2
645,DIASTASIS RECTI ABDOMEN,1
646,FIBROMYALGIA,2
647,CHRONIC OSTEOMYELITIS II phalanx 2?«¨? left hand finger,1
648,POLIOMYELITIS RESULTS,2
649,Paget bone disease,3
650,JUVENILE OSTEOCONDROSITY OSGOOD-SCHLATTER TIBIAL TUBEROSITY,1
651,OSTEOPOROSIS,75
652,OSTEOPENIA,1
653,SPONTANEOUS vertebral FRACTURES,1
654,VERTEBRAL COLLAPSE,1
655,ASEPTIC BONES NECROSIS Right femur head,1
656,ASEPTIC NECROSIS OF THE FEMUR HEAD AND NECK,1
657,HALLUX VALGUS,4
658,Bilat. arthritic varus knee.,2
659,ACQUIRED KYPHOSIS,1
660,SCOLIOSIS with anterolisthesis of L5 on S1,4
661,CEREBRAL MENINGOCELE,1
662,TRANSPOSITION OF LARGE VASES,1
663,PERVIET?…Ç«® OR PERSISTENCE FORAMEN OVALE,4
664,CONGENITAL MITRAL INSUFFICIENCY,1
665,OBSTRUCTIVE HEART ANOMALIES,1
666,CONGENITAL ESOPHAGEAL HIATUS HERNIA,1
667,CONGENITAL MEGACOLON,1
668,HORSESHOE KIDNEY,2
669,CONGENITAL HIP DISLOCATION,1
670,FOOT TALUS FLAT VALGUS,1
671,SPONDYLOLISTHESIS L4 on L5,1
672,IMPERFECT OSTEOGENESIS,1
673,GONADAL DYSGENESIA,1
674,KLINEFELTER SYNDROME,1
675,OTHER MULTIPLE CONGENITAL ANOMALIES WITH MENTAL RETARDATION,1
676,CONGENITAL MALFORMATION SYNDROMES,1
677,SPONTANEOUS ABORTION ABORTED FEtus,1
678,LOCALIZED SUBDURAL HEMATOMA,1
679,LIPOTHYMIA,7
680,DIZZINESS,10
681,SLEEP APNEA,11
682,SNORING,1
683,FEVER,2
684,TREMOR,1
685,CHRONIC SKIN ITCHING SINE MATERIA,1
686,SKIN RASHES,1
687,HEADACHE,9
688,Motor aphasia during migraine (aura),1
689,GANGRENE,1
690,Right retroauricular LYMPHADENOPATHY,2
691,DYSPNEA due to exertion,2
692,COUGH in case of flu,11
693,THORACOALGIA by ndd,1
694,VOMITING with emission of blood streaks,1
695,VOMIT,1
696,DYSPHAGIA,2
697,FECAL INCONTINENCE,1
698,DIARRHEA NDD,5
699,RIGHT RENAL COLIC,30
700,DYSURIA,6
701,ACUTE URINARY RETENTION,5
702,URINARY INCONTINENCE,19
703,ABDOMINAL PAIN,1
704,EPIGASTRALGIA,2
705,ABDOMINAL PELVIC PAIN,1
706,ASCITES,1
707,IFG ALTERED FASTING GLUCOSE,5
708,TRANSAMINASE INCREASE,4
709,GLYCOSURIA FROM RENAL DIABETES,1
710,POSITIVE STOOL OCCULT BLOOD,1
711,SENILE DEBILITY,1
712,Impaired fasting blood sugar,5
713,FRACTURE OF NASAL BONES,3
714,FRACTURE OF THE RIGHT ORBIT,1
715,HEAD TRAUMA,10
716,FRACTURE SECOND CERVICAL VERTEBRA,1
717,FRACTURE SIXTH CERVICAL VERTEBRA spinous process,1
718,FRACTURE OF THE DORSAL VERTEBRAE somatic D7,13
719,FRACTURE OF LUMBAR VERTEBRAE,19
720,SACRUM AND COCCYX FRACTURE,2
721,SPINAL COLUMN FRACTURE Spinous process D6-D7-D8,2
722,FRACTURE OF RIBS,11
723,FRACTURE A RIB,3
724,MULTIPLE RIB FRACTURE,2
725,FRACTURE STERNUM,1
726,ACETABULUS FRACTURE,2
727,ISCHIO FRACTURE,2
728,PELVIS FRACTURE,1
729,LEFT CLAVICLE FRACTURE,2
730,RIGHT CLAVICLE FRACTURE,4
731,FRACTURE OF THE LEFT SCAPULA,1
732,END-PROXIMAL HUMERUS FRACTURE,3
733,CLOSED DIAPHYSIS HUMERUS FRACTURE,1
734,RIGHT HUMERUS FRACTURE composed of the head,15
735,LEFT ELBOW FRACTURE,1
736,RADIO ULNA FRACTURE CLOSED DISTAL EPIPHISIS,1
737,COLLES FRACTURE left wrist,2
738,RADIO FRACTURE DISTAL EPIPHISIS,2
739,RIGHT MAXILLARY FRACTURE,2
740,FRACTURE OF THE LEFT FOREARM,2
741,RADIO FRACTURE OF LEFT STYLOID,2
742,FRACTURE OF THE RIGHT ULNA,1
743,FRACTURE OF THE LEFT WRIST,18
744,NAVICULAR SCAPHID WRIST FRACTURE,3
745,METACARPUS FRACTURE,4
746,FRACTURED FINGERS OF THE HAND,9
747,FRACTURE OF ONE OR MORE DISTAL PHLANGES of the right hand,1
748,FRACTURE OF THE BASE OF THE RIGHT FEMUR NECK,3
749,FEMUR HEAD FRACTURE,1
750,PERTROCHANTERIC FEMUR FRACTURE,13
751,CLOSED FEMUR NECK FRACTURE,6
752,FRACTURE OF THE LEFT FEMUR,30
753,FEMUR DIAPHYSIS FRACTURE,2
754,FRACTURE OF THE LEFT PATELLA,3
755,TIBIA CONDYLE FRACTURE,4
756,TIBIA FRACTURE PROXIMAL EPIPHISIS external tibial plateau on the left,2
757,FRACTURE TIBIA FIBULAR CLOSED DIAPHYSIS,1
758,TIBIA AND FIBULAR DIAPHYSIS FRACTURE,1
759,TIBIA FRACTURE,3
760,FIBULAR FRACTURE,4
761,FRACTURE INTERNAL MALLEOLUS LEFT,1
762,ANKLE FRACTURE EXTERNAL MALLEOLUS CLOSED,6
763,RIGHT ANKLE FRACTURE,3
764,HEEL FRACTURE,2
765,EXPOSED HEEL FRACTURE,1
766,FRACTURE OTHER BONES TARSO METATARSUS CLOSED Base of V metatarsal,1
767,FRACTURE OF FOOT BONE EXCEPT TOES,1
768,NAVICULAR SCAPHOID FRACTURE,1
769,FRACTURE OF METATARSAL BONES,3
770,FRACTURE OF TOES,1
771,Recurrent LEFT SHOULDER DISLOCATION,2
772,ROTATOR CUFF DISTRACTION,2
773,SHOULDER DISTRACTION,1
774,WRIST SPRAIN,1
775,KNEE LEG SPRAIN,5
776,RIGHT ANKLE SPRAIN,5
777,Ankle sprain and distraction,1
778,FOOT SPRAIN,1
779,NECK DISTRACTION,3
780,DISTORTION I finger of the left hand,1
781,TRAUMATIC HEMOTHORAX,1
782,PNEUMOEMOTHORAX WITHOUT OPEN WOUND IN THE CHEST,1
783,SPLEEN INJURY splenectomy,1
784,INJURY SPLEEN HEMATOMA WITHOUT CAPSULE RUPTURE,1
785,"""Spleen traum",1
786,HAND WOUND from left hand penetrating tip,1
787,HAND WOUND WITH TENDON INVOLVEMENT,1
788,WOUND FINGERS HAND,4
789,WOUND FINGERS HAND WITH COMPLICATIONS,1
790,FINGER HAND WOUND WITH TENDON INVOLVEMENT,1
791,TRAUMATIC AMPUTATION OTHER FINGERS OF THE HAND IV-V finger of the right hand,2
792,TRAUMATIC AMPUTATION OF OTHER FINGERS OF THE HAND WITH COMPLICATIONS,1
793,LEG WOUND,2
794,TRAUMATIC AMPUTATION OF THE LEG AT THE KNEE OR ABOVE THE LEFT,1
795,AFTERMATH OF SPINAL COLUMN AND TRUNK FRACTURES WITHOUT SPINAL CORD INJURIES,1
796,SUPERFICIAL INJURY OF THE SHOULDER AND ARM,1
797,OTHER SUPERFICIAL INJURY ELBOW FOREARM AND WRIST,1
798,SUPERFICIAL TRAUMATIC OF FINGERS OF HAND,1
799,INSECT BINGS,2
800,EYE INJURY,1
801,BRUSHED TRAUMA coccyx,1
802,CRUSHING OF FINGERS AND HAND,2
803,WRIST AND HAND BURNS,1
804,BURN HAND,1
805,BURN 3?ÔøΩÔøΩÔøΩ DEEP DEGREE WITH LOSS OF PART,1
806,LUMBAR INJURY,1
807,MULTIPLE SITE TRAUMA,1
808,TRAUMA OF THE RIGHT ANKLE,1
809,FALL TRAUMA,3
810,Toxic effects of ethyl alcohol,1
811,GELONI,2
812,FOOD ALLERGY probably to fish,50
813,INFECTION AND INFLATION FROM INTERNAL JOINT PROSTHESES septic mobilization APT gin,1
814,OTHER COMPLICATIONS FROM INTERNAL JOINT PROSTHESES,1
815,HIV POSITIVE,4
816,ALLERGY ANALGESICS angioedema of the lip after OKI gtt,1
817,SERUM OR VACCINE ALLERGY suspected,1
818,ALLERGY TO MEDICINAL SUBSTANCE,1
819,SUSPEC: NORMAL FIRST PARENT PREGNANCY,2
820,NORMAL PREGNANCY,32
821,PREGNANCY,153
822,PREGNANCY AT RISK,2
823,ESTROPROGESTIN THERAPY,1
824,PRECONCEPTIONAL TESTS,2
825,KIDNEY TRANSPLANT,1
826,HOMOLOGOUS MITRAL PROSTHESIS,4
827,Liver replaced by transplant,1
828,MECHANICAL HEART VALVE PROSTHESIS,2
829,KNEE PROSTHESIS,1
830,REVERSE LEFT SHOULDER PROSTHESIS,1
831,HIP PROSTHESIS,49
832,LEFT KNEE PROSTHESIS,22
833,PRESENCE TRACHEOSTOMY,3
834,PRESENCE GASTROSTOMY,3
835,PRESENCE COLOSTOMY,1
836,Transient URETEROSTOMY with stent for ureter kinking,1
837,PEACE MAKER BEARER,9
838,AORTOCORONARY BYPASS,2
839,CORONARY ANGIOPLASTY,2
840,LOWER LIMBS ANGIOPLASTY,2
841,PROPHYLACTIC ORGAN REMOVAL NEPHRECTOMY RIGHT,1
842,PLACEMENT AND SETTING OF URINARY CATHERS,1
843,KIDNEY DIALYSIS,1
844,PERSON WHO LIVES ALONE,1
845,LACK OF A FAMILY ABLE TO PROVIDE CARE,11
846,PERSON WHO LIVES IN INSTITUTIONS,1
847,ORTHODONTIC TREATMENTS,1
848,DIABETIC RETINOPATHY,1
849,RELEASE OF THE CARPAL TUNNEL,7
850,ECU GUIDED THYROID NEEDLE BIOPSY,4
851,CONJUNCTIVAL LESION REMOVAL,1
852,BAG WITH PLATE FOR COLO-ILEOSTOMY,3
853,PERMANENT BLADDER CATHETER (FOLEY),11
854,SHAPED DIAPER,52
855,MATTRESS PROTECTION CROSSBAR,4
856,CATARACT SURGERY with lens implant,10
857,RIGID FRAME WHEELCHAIR MANEUVERABLE BY THE COMPANION,1
858,NEEDLE BIOPSY OF GLAND OR SALIVARY DUCT,1
859,REMOVAL OF MOUTH LESION,1
860,FIBER OPTIC RHINOSCOPY,2
861,BREATH TEST FOR HELYCOBACTER PYLORI,3
862,DUODENOSCOPY,26
863,COLONOSCOPY,55
864,COLONOSCOPY + sedated BIOPSY. self conscious,1
865,BREATH TEST FOR COLONIZATIONS BACTERIAL AN.,1
866,LACTOSE BREATH TEST,1
867,RECTOSCOPY <PROCTOSIGMOIDOSCOPY>,1
868,CONTAINMENT BANKS,2
869,ANTI-DECUBITUS AIR MATTRESS,4
870,CYSTOSCOPY,5
871,INVASIVE URODYNAMIC EXAM,3
872,PROGRESSIVE URETHRAL DILATIONS,1
873,ECU GUIDED NEEDLE BIOPSY OF THE PROSTATE,1
874,HYSTEROSCOPY,7
875,REMOVAL OF UTERUS LESION,1
876,IUD INSERTION <SPIRAL>,1
877,COLPOSCOPY,4
878,CARDIOTOCOGRAPHY,5
879,ECU GUIDED BREAST NEEDLE BIOPSY,1
880,LOCAL BREAST LESION REMOVAL,1
881,CAUTERIZATION <DIATHERMOCOACULATION>,1
882,REMOVAL OF SKIN LESION,14
883,SKULL CT <BENCEPHALON>,33
884,SKULL CT WITHOUT+CONTRAST <BENCE>,3
885,MASSIVE FACIAL CT,1
886,NECK CT WITHOUT+CONTRAST,1
887,X-ray of the dental arches <ORTHOPANORAMIC>,13
888,CERVICAL SPINE X-ray,13
889,DORSAL SPINE X-ray,8
890,LUMBOSACRAL SPINE X-ray,48
891,TELESPINOGRAM,1
892,GALACTOGRAPHY,1
893,BILATERAL MAMMOGRAPHY,103
894,RIGHT MAMMOGRAPHY,7
895,CHEST CT scan,7
896,CHEST CT + CONTRAST,15
897,SN HEMITORACE RX FOR RIBS,13
898,CHEST X-RAY,82
899,RENAL TOMOGRAPHY <STRATS>,2
900,HYSTEROSALPINGOGRAPHY,1
901,COMPLETE ABDOMEN CT + CONTRAST,19
902,ABDOMEN RX <DIRECT ABDOMEN>,18
903,LEFT SHOULDER,26
904,RX FOREARM RX,3
905,LEFT WRIST,20
906,RX HIP RX,49
907,RX KNEE RX,43
908,LEFT FOOT X-ray,26
909,AXIAL RX PATELLA RIGHT,3
910,CT scan of the LUMBOSACLAR SPINE,6
911,CT SHOULDER AND RIGHT ARM,2
912,PELVIS CT ​​scan,1
913,CT KNEE LEFT <ARTHROTAC>,1
914,THYROID ECHO <HEAD AND NECK ECHO>,49
915,CARDIAC ECHO <ECOCARDIOGRAPHY>,99
916,ECHODOPLER CARDIAC TRANSES.<ECOCOLOR>,1
917,ECO UMMS,107
918,ECHO LEFT BREAST,3
919,ECODOPPLER SUPRAORTIC TRUNKS<ECOCOLOR>,47
920,ECHO KIDNEYS AND ADRENALS,73
921,ECHO LOWER ABDOMEN,50
922,ECODOPPLER SPERM VESSELS (ECOCOLOR),4
923,FULL ABDOMEN ECHO,109
924,ECHO LARGE ABDOMINAL VESSELS,1
925,ECOCOLORDOPPLER LOWER LIMBS. ART.,49
926,OBSTETRIC ULTRASOUND <FETOPLACENTARY ULTRASOUND>,16
927,GYNECOLOGICAL ECHO,1
928,ECO SURFACE FABRICS,23
929,RIGHT SHOULDER ECO,8
930,MUSCLETENDION ECHO,7
931,ECO PENIS,1
932,ECHO TESTICLES,4
933,TRANSVAGINAL ECHO,10
934,TRANSRECTAL PROSTATE ECHO,7
935,MRI of the brain and brainstem,4
936,MRI of the brain and brainstem. WITHOUT+CONTROL,12
937,MRI HEART +CONTRAST,1
938,RM HEART <CINE RM>,2
939,MRI RIGHT BREAST +CONTRAST,1
940,MRI breasts,1
941,MRI BREASTS WITHOUT+CONTRAST,1
942,MRI LUMBOSACRAL SPINE,18
943,MRI CERVICAL SPINE+CONTRAST,1
944,MRI RIGHT KNEE,22
945,MRI UPPER ABDOMEN +CONTRAST,5
946,MRI LOWER ABDOMEN AND PELVIS +CONTRAST,3
947,LUMBAR AND FEMORAL DENSITOMETRY <DEXA>,24
948,V.CARDIOLOGICA control,293
949,TONOMETRY,3
950,V. NEUROLOGICAL,32
951,EEG,7
952,ACOUSTIC EVOKED POTENTIALS,1
953,POLYSOMNOGRAM,7
954,UROFLOWOMETRY,16
955,V.GYNECOLOGICAL,38
956,SPIROMETRY <BREATHING TESTS>,16
957,GLOBAL SPIROMETRY PLETHYSMGR TECHNIQUE.,1
958,CAPILLARY ALVEOLUS DIFFUSION OF THE CO,1
959,EFFORT ECG <CYCLE ERGOMETER>,22
960,THALLIUM CARDIAC SCINS <EFFORT TEST>,1
961,CARDIORESPIRATORY EFFORT TEST,1
962,PACE MAKER CONTROL AND PROGRAMMING,5
963,DYNAMIC ECG <HOLTER>,29
964,ECG,149
965,PRESSURE HOLTER,3
966,BLOOD ANALYSIS,6
967,V.SENOLOGICA,531
968,MUD + THERAPEUTIC BATH,3
969,BATH FOR ARTHRHEUMATIC DISEASES,1
970,BATH FOR DERMATOLOGICAL DISEASES,1
971,DROPINIC TREATMENT SESSION FOR URINARY STONES,1
972,DROPINIC TREATMENT SESSION FOR SICKNESS. APP. GASTROENTERIC,1
973,17 KETOSTEROIDS urine,1
974,BILE ACIDS,1
975,VALPROIC ACID,5
976,ALT <GPT> <ALANINE AMINOTRANSFERASE> <S>,675
977,PREALBUMIN,18
978,ALDOSTERONE <S>,6
979,ALPHA 1 FETOPROTEIN <S>,25
980,AMYLASE,38
981,AMMONIEMIA,1
982,HAPTOGLOBIN,2
983,AST <GOT> <ASPARTATE AMINOTRANSFERASE>,657
984,BENZODIAZEPINES,1
985,BETA2 MICROGLOBULIN,30
986,BICARBONATES <HYDROGENCARBONATE>,2
987,TOTAL BILIRUBIN,498
988,TOTAL AND FRACTIONAL BILIRUBIN,27
989,SOCCER,323
990,CALCITONIN,5
991,IONIZED CALCIUM,4
992,CARBAMAZEPINE,2
993,TOTAL URINARY CATECHOLAMINES,3
994,CALPROTECTIN IMMUNOMETRIC feces,10
995,CHLORINE,23
996,COBALAMIN <VIT.B12>,35
997,HDL CHOLESTEROL,408
998,LDL CHOLESTEROL,413
999,TOTAL CHOLESTEROL,503
1000,CHOLINESTERASE <PSEUDO THAT>,8
1001,ACTH <CORTICOTROPIN>,5
1002,CORTISOL,8
1003,CPK <CREATINKINASE> <CK>,86
1004,CPK MB <CREATIN KINASE ISOENZYME MB><CK>,1
1005,CREATININE,687
1006,CREATININE CLEARANCE,2
1007,DEAS <DEHYDROEPIANDROSTERONE SULFATE>,3
1008,DELTA 4 ANDROSTENEDIONE,2
1009,DESIALO TRANSFERRIN,2
1010,NOREPINEPHRINE urine,1
1011,AMPHETAMINE,3
1012,NSE <NEURONE SPECIFIC ENOLASE>,1
1013,ERYTHROPOIETIN,3
1014,CHROMOGRANIN,1
1015,E2 <ESTRADIOL>,11
1016,DIGOXIN,7
1017,STOOL CHEMICAL AND MICROSCOPIC EXAMINATION,1
1018,STOOL OCCULT BLOOD ON 3 SAMPLES,70
1019,PHENOBARBITAL,1
1020,FERRITIN,119
1021,IRON <SIDEREMIA>,514
1022,FOLATES,35
1023,FSH <FOLLITROPIN>,17
1024,ALKALINE PHOSPHATASE,99
1025,INORGANIC PHOSPHATE <S>,7
1026,PHOSPHORUS,28
1027,GAMMA GT <GAMMA GLUTAMIL TRANSP.> <S>,604
1028,GLUCOSE LOAD CURVE 75 gr withdrawal 2h,8
1029,GLYCEMIA,649
1030,PREGNANCY TEST,2
1031,CHORIONIC GONADOTROPIN free beta<S>,12
1032,GLYCATED HEMOGLOBIN,105
1033,BENCE JONES URINE,28
1034,LDH <LACTATE DEHYDROGENASE>,33
1035,LIPASE,38
1036,SPERMIOGRAM <FERTILITY INDEX>,8
1037,LITHIUM,1
1038,LH <LUTEOTROPIN> <S>,14
1039,TOTAL MAGNESIUM,27
1040,MICROALBUMINURIA,20
1041,HOMOCYSTEINE,3
1042,GH <SOMATOTROPIC HORMONE>,2
1043,OXALATE urine,1
1044,PTH <PARATORMONE>,9
1045,BRAIN NATRIURETIC PEPTIDE (BNP or NT),47
1046,POTASSIUM,563
1047,PROGESTERONE,8
1048,PRL <PROLACTIN>,17
1049,PROTIDOGRAM + TOTAL PROTEINS,496
1050,PROTEINURIA,9
1051,URINARY PROTEIN ELECTROPHORESIS,1
1052,RENINA,4
1053,SODIUM,338
1054,SOMATOMEDINA C,1
1055,TESTOSTERONE <P>,7
1056,FREE TESTOSTERONE,4
1057,TG <THYROGLOBULIN>,8
1058,TSH <THYROTROPIN>,221
1059,T4 FREE <FREE THYROXINE>,72
1060,TRANSFERRIN ferrobinding capacity,5
1061,TRANSFERRIN,13
1062,TRIGLYCERIDES,423
1063,T3 FREE <FREE TRIODOTYRONINE>,24
1064,URICEMIA,525
1065,UREA <AZOTEMIA>,228
1066,Complete urine exam,591
1067,VITAMIN D,30
1068,ZINC,3
1069,LAC <LUPUS-LIKE ANTICOAGULANT>,1
1070,ANTI-CITRULLINE ANTIBODIES,23
1071,ANTI CARDIOLIPIN Ab (IgG IgA),3
1072,GLUTAMAMIA ANTICARBOXYLASE ANTIBODIES,1
1073,Ab ANTI GASTR PARIETAL CELLS. <PCA>,3
1074,ANTI NEUTROPHILE CYTOPLASM Ab <ANCA>,1
1075,Ab ANTI NATIVE DNA,7
1076,INDIRECT COOMBS TEST,15
1077,Ab ANTI TRANSGLUTAMINASE,12
1078,Ab ANTI PANCREATIC ISSULA <ICA>,1
1079,ANTI THYROPEROXIDASE Ab <AbTPO>,23
1080,Ab ANTI LIVER AND KIDNEY MICROSOMES <LKMA>,1
1081,Ab ANTI MITOCHONDRIA <AMA>,2
1082,Ab ANTI SMOOTH MUSCLE <ASTHMA>,2
1083,ANTI NUCLEUS Ab <ANA>,20
1084,AB ANTI TSH RECEPTORS<TRAB>,4
1085,ANTI THYROGLOBULIN Ab <TG>,16
1086,CA 125 <CARBOHYDRATE ANTIGEN 125>,12
1087,CA 15.3 <CARBOHYDRATE ANTIGEN>,25
1088,CA 19.9 <CARBOHYDRATE ANTIGEN>,39
1089,CA 72-4 <CARBOHYDRATE ANTIGEN 72-4>,1
1090,CEA <EMBRYONIC CARCINO ANTIGEN>,63
1091,TPA <TISSUE POLYPEPTIDE ANTIGEN>,1
1092,PSA <PROSTATIC SPECIFIC ANTIGEN>,150
1093,PSA FREE,35
1094,HLA B27 <Ag>,1
1095,ANTITHROMBIN III,8
1096,DIRECT COOMBS TEST,3
1097,COMPLEMENT: C3,7
1098,CRYOGLOBULIN RESEARCH,1
1099,D DIMER (EIA),8
1100,BLOOD CHROME+FORMULA,707
1101,BONE Marrow EXAMINATION,1
1102,RHEUMATOID FACTOR <RHEUMA TEST>,20
1103,CLOTTING FACTOR II,1
1104,FIBRINOGEN,17
1105,BLOOD GROUP ABO and Rh,19
1106,HEMOGLOBIN ELECTROPHORESIS,2
1107,SPECIFIC IgE: QUANTITATIVE RAST 12 per.,2
1108,IGE TOTALI-PRIST,3
1109,IMMUNOFIXATION,8
1110,IgG IMMUNOGLOBULINS,38
1111,INTRADERMOREACTION WITH PPD,4
1112,PROTEIN C ANTICOAGULANT ANTIGEN,1
1113,PCR <C-REACTIVE PROTEIN>,160
1114,FREE PROTEIN S,1
1115,TOTAL PROTEIN S,1
1116,TRANSFUSION COMPATIBILITY CROSS TEST.,2
1117,WR <WAALER ROSE REACTION>,1
1118,RETICULOCYTES,17
1119,PT <PROTHROMBIN TIME INR>,83
1120,PTT <PARTIAL THROMBOPLASTIN TIME>,49
1121,TINE TEST <TEST TINE>,1
1122,HLA-B GENOMIC TYPING,1
1123,TYPING SUBPOPULATIONS C. BLOOD,3
1124,TROPONIN I,13
1125,VES,498
1126,HELICOBACTER PYLORI STOOLS <HpSA>,2
1127,Ab ANTI BORRELIA,1
1128,CLOSTRIDIUM DIFFICLE RESEARCH D. e.i.a.,1
1129,OXYURI RESEARCH PERIANAL MATERIAL,2
1130,CONJUNCTIVAL SWAB microrg.+liev,7
1131,VAGINAL swab,35
1132,PHARYNGEAL SWAB,18
1133,URINE CULTURE <URINE CULTURE>,83
1134,COPROCULTURE <STOOL CULTURE>,5
1135,Ab ANTI LISTERIA,1
1136,FECI culture for fungi,4
1137,TSHR,170
1138,PSAR,113
1139,STOOL PARASITES,8
1140,TETANUS IgG,2
1141,WEIL-FELIX Ab ANTI RICKETTSIE,1
1142,Ab SALMONELLE AND BRUCELLE <WIDAL-WRIGHT>,1
1143,TASO <Ab ANTI ANTISTREPTOLYSIN-O>,10
1144,STREPTOZYME TEST,1
1145,TOXOPLASMA ANTIBODY Total (E.I.A.),19
1146,TREPONEMA PALLIDUM TPHA qualitative,3
1147,TREPONEMA PALLIDUM TPHA quantitative,13
1148,TREPONEMA PALLIDUM VDRL,6
1149,ROTAVIRUS RESEARCH,1
1150,EPSTEIN BAR VCA IgM,2
1151,CYTOMEGALOVIRUS Ab <ANTIBODIES> f.c.,25
1152,HEPATITIS A Ab [HAV],5
1153,HEPATITIS A IgM [HAV],1
1154,HEPATITIS B DNA (P.C.R.) [HBV],1
1155,HEPATITIS B HBcAg Ab [HBV],4
1156,HEPATITIS B HBcAg IgM [HBV],1
1157,HEPATITIS B HBeAg Ab [HBV],2
1158,HEPATITIS B HBsAg Ab [HBV],10
1159,HEPATITIS B HBsAg Ag [HBV] [AU ANTIGEN],51
1160,HEPATITIS C RNA QUALITATIVE ANALYSIS [HCV],1
1161,HEPATITIS C RNA (P.C.R.) [HCV],10
1162,HEPATITIS C Ab [HCV],49
1163,HEPATITIS C GENOMIC TYPING [HCV],7
1164,EPSTEIN BARR VIRUS [EBV] ANTIBODY (EA or EBNA or VCA) (E.I.A.),2
1165,EPSTEIN BARR Ab <EBV> <EBNA>,1
1166,HERPES VIRUS Ab f.c.,11
1167,HIV RNA (P.C.R.),1
1168,ANTI HIV Ab 1-2,26
1169,Ab ANTI MEASLES,2
1170,Mumps IgG,1
1171,MUMPS Ab <ANTIBODIES> f.c.,1
1172,Ab ANTI PARVOVIRUS,1
1173,RUBELLA VIRUS ANTIBODY <RUBEO TEST>,13
1174,VARICELLA ZOSTER IgG,2
1175,VARICELLA ZOSTER Ab <ANTIBODIES> f.c.,3
1176,PAP TEST <VAGINAL CYTOLOGICAL>,30
1177,CYTOLOGICAL BY NEEDLE ASPIRATION,8
1178,URINE CYTOLOGICAL,7
1179,HISTOPATHOLOGY ORAL CAVITY BIOPSY,1
1180,HISTOPATHOLOGY Excisional SKIN BIOPSY,21
1181,HISTOPATHOLOGY SOFT TISSUES incisional,1
1182,HISTOPATHOLOGY Single DIGESTIVE BIOPSY,1
1183,HISTOPATHOLOGY Multiple DIGESTIVE BIOPSY,3
1184,HISTOPATHOLOGY PLEURAL BIOPSY,1
1185,HISTOPATHOLOGY CERVICAL BIOPSY,1
1186,HISTOPATHOLOGY ENDOCERVICAL POLYPECTOMY,1
1187,HISTOPATHOLOGY BREAST BIOPSY,1
1188,HISTOPATHOLOGY LYMPH NODE BIOPSY,1
1189,PRICK TEST <ALLERGOLOGICAL TEST>,4
1190,THYROID SPARKS,3
1191,CARDIAC TOMOSCENTS <PET> rest + stimulation,1
1192,CARDIAC TOMOSCINTIS <SPET> after stimulus,4
1193,TOTAL BODY BONE SHINS,3
1194,GLOBAL BODY TOMOSCENT (PET),3
1195,EMG <ELECTROMIGRAPHY>,14
1196,Individual MOTOR REEDUCATION,2
1197,Individual SEGM. MOTOR REEDUCATION,4
1198,PHYSIOKINESTHERAPY,17
1199,Individual proprioceptive postural exercises.,2
1200,PROPRIOCEPTIVE POSTURAL EXERCISES.,1
1201,MASSAGES,1
1202,ANALGESIC ELECTROTHERAPY: TENS,4
1203,MUSCLE ELECTROSTIMULATIONS,3
1204,MAGNETIC THERAPY,15
1205,ULTRASOUND THERAPY in water,2
1206,ELASTIC ADHESIVE BANDAGE,1
1207,Individual SPEECH RE-EDUCATION,2
1208,INTELLECTUAL IMPAIRMENT TEST,11
1209,PSYCHOLOGICAL INTERVIEW <V.PSICOLOGICA>,1
1210,V. PSYCHIATRIC CONTROL,6
1211,V. PSYCHIATRIC <PSYCHIATRIC INTERVIEW>,11
1212,V. OPHELISTICS,101
1213,FIELD OF VISION <CAMPIMETRY>,17
1214,FUNDUS OCULAR <FUNDUS>,9
1215,FLUORANGIOGRAPHY<FLUORESCENT ANGIOGRAPHY>,4
1216,CORNEAL PACHYMETRY,1
1217,OPTICAL COHERENCE TOMOGRAPHY,14
1218,ERG <ELECTRORETINOGRAPHY><FLASHPATTERN>,1
1219,EOG <ELECTROOCULOGRAPHY>,1
1220,VEP <VISUAL EVOKED POTENTIALS>,1
1221,TONE AUDIOMETRIC EXAM,18
1222,AUTOMATIC AUDIOMETRY,4
1223,IMPEDENZOMETRY,1
1224,VESTIBULAR TEST caloric tests,2
1225,VESTIBULAR TEST positional tests,1
1226,VESTIBULAR TEST rotational tests,1
1227,WOUND DRESSING,43
1228,EXTRACORPOREAL LITHOTRIPSY,1
1229,BLOOD OR BLOOD COMPONENTS TRANSFUSION,3
1230,INFUSION OF OTHER PHARMACEUTICAL SUBSTANCES,4
1231,DISPOSABLE SYRINGES FOR INSULIN,1
1232,GLUCOSE TEST STRIPS,3
1233,INHALATION TREATMENTS,32
1234,THERMAL TREATMENTS,1
1235,AMBULANCE TRANSPORT,1
1236,INTRAMUSCULAR INJECTION AMBUL. NURSE.,1
1237,URINE COLLECTION BAGS,11
1238,DRESSINGS IN THE NURSING CENTER,4
1239,ACE CONVERTING ENZYME,1
1240,LANCET LANCETS,1
1241,REMOVAL OF STITCHES,3
1242,HEIGHT,38
1243,WEIGHT,40
1244,BMI<BODY MASS INDEX>,36
1245,SMOKE,9
1246,mmse mini mental state examination,1
1247,CLEARANCE CREATININE (COCKROFT),156
1248,GFR estimated with MDRD formula,89
1249,only Case I,69
1250,'ACENOCUMAROLO',2
1251,'ACETAZOLAMIDE',6
1252,'ACETILCARNITINA',7
1253,'ACETILCISTEINA',24
1254,'ACICLOVIR',5
1255,'ACIDO ACETILSALICILICO',218
1256,'ACIDO ALENDRONICO',9
1257,'ACIDO ALENDRONICO E COLECALCIFEROLO',7
1258,'ACIDO ALGINICO',17
1259,'ACIDO ASCORBICO (VIT. C)',1
1260,'ACIDO CROMOGLICICO',2
1261,'ACIDO CROMOGLICICO ASSOCIAZIONI',1
1262,'ACIDO FOLICO',26
1263,'ACIDO IALURONICO',4
1264,'ACIDO IBANDRONICO',1
1265,'ACIDO PIPEMIDICO',1
1266,'ACIDO RISEDRONICO',8
1267,'ACIDO TRANEXAMICO',3
1268,'ACIDO URSODESOSSICOLICO',32
1269,'ACIDO VALPROICO',9
1270,'ACITRETINA',2
1271,'ACLIDINIO BROMURO',1
1272,'ADEMETIONINA',4
1273,'ALCALOIDI DELLOPPIO E SUOI DERIVATI',4
1274,'ALFACALCIDOLO',9
1275,'ALFUZOSINA',19
1276,'ALIMENTI DESTINATI A FINI SPECIALI (ALTRI)',1
1277,'ALLOPURINOLO',106
1278,'ALMOTRIPTAN',6
1279,'ALOPERIDOLO',6
1280,'ALPRAZOLAM',55
1281,'ALTRE SOSTANZE CAPILLAROPROTETTRICI',5
1282,'ALTRE SOSTANZE X TRATT.DI EMORROIDI E RAGADI ANALI U.TOPICO',14
1283,'ALTRI ANTIEMICRANICI',4
1284,'ALTRI CICATRIZZANTI',1
1285,'ALTRI FARMACI DEL SISTEMA NERVOSO',5
1286,'ALTRI FARMACI PER LE AFFEZIONI DEL SISTEMA MUSCOLO-SCHELETRI',1
1287,'ALTRI PREPARATI',2
1288,'ALTRI PSICOSTIMOLANTI E NOOTROPI',3
1289,'ALTRI UROLOGICI',1
1290,'ALTRI VACCINI BATTERICI',6
1291,'AMANTADINA',1
1292,'AMBROXOLO',1
1293,'AMIODARONE',11
1294,'AMISULPRIDE',5
1295,'AMITRIPTILINA',14
1296,'AMITRIPTILINA E PSICOLETTICI',7
1297,'AMLODIPINA',112
1298,'AMOXICILLINA',19
1299,'AMOXICILLINA ED INIBITORI ENZIMATICI',212
1300,'ANASTROZOLO',2
1301,'ANATOSSINA TETANICA',4
1302,'ANTAGONISTI DEI RECETTORI ALFA-ADRENERGICI',1
1303,'ANTICOLINERGICI SINTETICI IN ASSOCIAZIONE CON PSICOLETTICI',3
1304,'APIXABAN',2
1305,'APPARATO DIGERENTE',4
1306,'APPARATO MUSCOLO SCHELETRICO',15
1307,'APPARATO RESPIRATORIO',2
1308,'APPARATO URO-GENITALE',8
1309,'ASENAPINA',1
1310,'ASSOCIAZIONI',8
1311,'ASSOCIAZIONI DI DERIVATI IMIDAZOLICI',2
1312,'ASSOCIAZIONI DI VITAMINE',6
1313,'ATENOLOLO',43
1314,'ATENOLOLO ED ALTRI DIURETICI',4
1315,'ATORVASTATINA',90
1316,'AVANAFIL',2
1317,'AZATIOPRINA',2
1318,'AZITROMICINA',22
1319,'BACAMPICILLINA',1
1320,'BACLOFENE',3
1321,'BARNIDIPINA',1
1322,'BECLOMETASONE',51
1323,'BELLADONNA E DERIVATI ASSOCIATI A PSICOLETTICI',2
1324,'BENDAZAC',2
1325,'BENZILPENICILLINA BENZATINICA',3
1326,'BETAISTINA',19
1327,'BETAMETASONE',68
1328,'BETAMETASONE ED ANTIBIOTICI',4
1329,'BETAMETASONE ED ANTIMICROBICI',2
1330,'BETAXOLOLO',1
1331,'BICALUTAMIDE',5
1332,'BIFOSFONATI',10
1333,'BILASTINA',2
1334,'BIMATOPROST',12
1335,'BIPERIDENE',1
1336,'BISACODIL',2
1337,'BISOPROLOLO',78
1338,'BISOPROLOLO E TIAZIDI',3
1339,'BRIMONIDINA',7
1340,'BRINZOLAMIDE',15
1341,'BROMAZEPAM',12
1342,'BROMEXINA',1
1343,'BUDESONIDE',3
1344,'BUPRENORFINA',1
1345,'BUTILSCOPOLAMINA',9
1346,'CABERGOLINA',1
1347,'CALCIFEDIOLO',1
1348,'CALCIO (SALI DIVERSI IN ASSOCIAZIONE)',3
1349,'CALCIO ASSOCIAZIONI CON VITAMINA D E/O ALTRI FARMACI',19
1350,'CALCIO CARBONATO',3
1351,'CALCIO LEVOFOLINATO',1
1352,'CALCIPOTRIOLO',4
1353,'CALCITRIOLO',5
1354,'CALMANTI E SONNO',2
1355,'CANDESARTAN',3
1356,'CANRENOATO DI POTASSIO',5
1357,'CANRENONE',24
1358,'CARBAMAZEPINA',5
1359,'CARBOCISTEINA',13
1360,'CARBOIDRATI',5
1361,'CARTEOLOLO',2
1362,'CARVEDILOLO',15
1363,'CEFAZOLINA',3
1364,'CEFDITOREN',1
1365,'CEFIXIMA',16
1366,'CEFOTAXIMA',1
1367,'CEFPODOXIMA',13
1368,'CEFTAZIDIMA',2
1369,'CEFTRIAXONE',17
1370,'CEFUROXIMA',2
1371,'CELECOXIB',1
1372,'CETIRIZINA',15
1373,'CIANOCOBALAMINA',10
1374,'CICLOSPORINA',2
1375,'CINNARIZINA',3
1376,'CIPROFLOXACINA',90
1377,'CIPROTERONE',3
1378,'CIRCOLAZIONE',1
1379,'CITALOPRAM',7
1380,'CITICOLINA',5
1381,'CLARITROMICINA',20
1382,'CLINDAMICINA',2
1383,'CLISMI E MICROCLISMI RETTALI',2
1384,'CLOBETASOLO',2
1385,'CLOMIPRAMINA',8
1386,'CLONAZEPAM',8
1387,'CLOPIDOGREL',39
1388,'CLORMADINONE ED ETINILESTRADIOLO',2
1389,'CLORTETRACICLINA',25
1390,'CLOTRIMAZOLO',8
1391,'CODEINA',5
1392,'CODEINA ASSOCIAZIONI ESCLUSI GLI PSICOLETTICI',1
1393,'CODEINA E PARACETAMOLO',38
1394,'COLCHICINA',3
1395,'COLECALCIFEROLO',133
1396,'COLINA ALFOSCERATO',1
1397,'COLISTINA',1
1398,'COLLUTORI/GENGIVARI',1
1399,'CONDROITINSOLFATO',1
1400,'DABIGATRAN ETEXILATO',3
1401,'DARBEPOETINA ALFA',2
1402,'DENOSUMAB',1
1403,'DERIVATI BENZODIAZEPINICI',12
1404,'DESAMETASONE',11
1405,'DESAMETASONE ED ANTIMICROBICI',46
1406,'DESLORATADINA',1
1407,'DEXIBUPROFENE',8
1408,'DEXKETOPROFENE',1
1409,'DIAZEPAM',3
1410,'DICLOFENAC',55
1411,'DIENOGEST E ETINILESTRADIOLO',2
1412,'DIENOGEST ED ESTRADIOLO',5
1413,'DIGOSSINA',11
1414,'DILTIAZEM',3
1415,'DIMETILFUMARATO',1
1416,'DIOSMECTITE',2
1417,'DIOSMINA ASSOCIAZIONI',16
1418,'DOMPERIDONE',8
1419,'DONEPEZIL',2
1420,'DOXAZOSIN',17
1421,'DOXICICLINA',3
1422,'DRENANTI',1
1423,'DROSPIRENONE ED ETINILESTRADIOLO',6
1424,'DULOXETINA',2
1425,'DUTASTERIDE',36
1426,'EBASTINA',7
1427,'ECONAZOLO',7
1428,'EDOXABAN',1
1429,'ELETTROLITI',45
1430,'EMORROIDI',2
1431,'ENALAPRIL',8
1432,'ENALAPRIL E DIURETICI',3
1433,'ENALAPRIL E LERCANIDIPINA',3
1434,'ENOXAPARINA',72
1435,'ENZIMI',3
1436,'EPARINA',4
1437,'EPARINICI',5
1438,'EPERISONE',11
1439,'ERITROPOIETINA',3
1440,'ESCITALOPRAM',25
1441,'ESOMEPRAZOLO',34
1442,'ESTRADIOLO',1
1443,'ESTRIOLO',1
1444,'ETIZOLAM',3
1445,'ETORICOXIB',38
1446,'EXEMESTANE',1
1447,'EZETIMIBE',7
1448,'FAMCICLOVIR',1
1449,'FARMACI PER LA FREQUENZA URINARIA E LINCONTINENZA',1
1450,'FEBUXOSTAT',7
1451,'FELODIPINA',2
1452,'FENOBARBITAL',5
1453,'FENOFIBRATO',1
1454,'FENTANIL',1
1455,'FENTICONAZOLO',2
1456,'FERMENTI LATTICI',28
1457,'FERRO IN ASSOCIAZIONE CON ACIDO FOLICO',1
1458,'FERRO TRIVALENTE',4
1459,'FERROSO SOLFATO',48
1460,'FEXOFENADINA',1
1461,'FILGRASTIM',1
1462,'FINASTERIDE',7
1463,'FITOMENADIONE',1
1464,'FLECAINIDE',2
1465,'FLOROGLUCINOLO',1
1466,'FLUCONAZOLO',18
1467,'FLUNARIZINA',3
1468,'FLUNISOLIDE',45
1469,'FLUOXETINA',11
1470,'FLURBIPROFENE',6
1471,'FLUTICASONE',7
1472,'FLUTICASONE FUROATO',5
1473,'FONDAPARINUX',2
1474,'FORMOTEROLO',1
1475,'FORMOTEROLO E BECLOMETASONE',6
1476,'FORMOTEROLO E BUDESONIDE',15
1477,'FORMOTEROLO E FLUTICASONE',2
1478,'FOSFOMICINA',16
1479,'FOSINOPRIL',3
1480,'FROVATRIPTAN',4
1481,'FUROSEMIDE',77
1482,'FUROSEMIDE E FARMACI RISPARMIATORI DI POTASSIO',10
1483,'GABAPENTIN',1
1484,'GEMFIBROZIL',3
1485,'GENTAMICINA',8
1486,'GESTODENE ED ETINILESTRADIOLO',4
1487,'GLICOPIRRONIO BROMURO',1
1488,'GLUCOSAMINA',1
1489,'GLUTATIONE',2
1490,'GOLA',1
1491,'GOLIMUMAB',1
1492,'GONADOTROPINA CORIONICA',1
1493,'GONADOTROPINA UMANA DELLA MENOPAUSA (MENOTROPINA)',1
1494,'IBUPROFENE',94
1495,'IDROCLOROTIAZIDE',1
1496,'IDROCLOROTIAZIDE E FARMACI RISPARMIATORI DI POTASSIO',21
1497,'IDROXICARBAMIDE',2
1498,'IDROXICLOROCHINA',3
1499,'IDROXOCOBALAMINA',25
1500,'IMIDAZOLI/TRIAZOLI IN ASSOCIAZIONE CON CORTICOSTEROIDI',9
1501,'IMMUNOGLOBULINA TETANICA',1
1502,'INDACATEROLO E GLICOPIRRONIO BROMURO',1
1503,'INDOBUFENE',1
1504,'INDOMETACINA',2
1505,'INVECCHIAMENTO',1
1506,'IPRATROPIO BROMURO',2
1507,'IRBESARTAN',11
1508,'IRBESARTAN E DIURETICI',7
1509,'ISOPROPAMIDE E PSICOLETTICI',5
1510,'ISOSORBIDE DINITRATO',2
1511,'ISOSORBIDE MONONITRATO',13
1512,'ISOTRETINOINA',1
1513,'ITRACONAZOLO',11
1514,'IVABRADINA',9
1515,'KETOPROFENE',20
1516,'KETOROLAC',7
1517,'LACIDIPINA',3
1518,'LACOSAMIDE',1
1519,'LACRIME ARTIFICIALI ED ALTRI PREPARATI NEUTRI',1
1520,'LAMOTRIGINA',4
1521,'LANSOPRAZOLO',88
1522,'LATANOPROST',6
1523,'LATTULOSIO',3
1524,'LERCANIDIPINA',13
1525,'LETROZOLO',8
1526,'LEUPRORELINA',5
1527,'LEVETIRACETAM',5
1528,'LEVOCETIRIZINA',9
1529,'LEVODOPA',2
1530,'LEVODOPA ED INIBITORE DELLA DECARBOSSILASI',15
1531,'LEVODROPROPIZINA',4
1532,'LEVOFLOXACINA',80
1533,'LEVOSULPIRIDE',57
1534,'LEVOTIROXINA SODICA',114
1535,'LIDOCAINA',1
1536,'LIMECICLINA',1
1537,'LINCOMICINA',1
1538,'LISINOPRIL',6
1539,'LISINOPRIL E DIURETICI',3
1540,'LITIO',2
1541,'LOPERAMIDE',1
1542,'LORATADINA',3
1543,'LORAZEPAM',15
1544,'LORMETAZEPAM',6
1545,'LOSARTAN',6
1546,'LOSARTAN E DIURETICI',1
1547,'LOVASTATINA',1
1548,'MACROGOL',8
1549,'MACROGOL ASSOCIAZIONI',20
1550,'MAGALDRATO',19
1551,'MAGNESIO PIDOLATO',1
1552,'MANIDIPINA',1
1553,'MEBENDAZOLO',2
1554,'MEFLOCHINA',1
1555,'MELATONINA',1
1556,'MELEVODOPA E INIBITORI DELLA DERCARBOSSILASI',2
1557,'MELOXICAM',1
1558,'MEMANTINA',3
1559,'MESALAZINA',13
1560,'METAMIZOLO SODICO',1
1561,'METILERGOMETRINA',1
1562,'METILPREDNISOLONE',17
1563,'METILPREDNISOLONE ACEPONATO',35
1564,'METOCLOPRAMIDE',6
1565,'METOLAZONE',1
1566,'METOPROLOLO',30
1567,'METOTREXATO',7
1568,'METRONIDAZOLO',10
1569,'MICONAZOLO',2
1570,'MICROORGANISMI ANTIDIARROICI',2
1571,'MINERALI/VITAMINE/AMINOACIDI/PROTEINE',42
1572,'MINOCICLINA',2
1573,'MIRTAZAPINA',7
1574,'MOMETASONE',8
1575,'MONTELUKAST',4
1576,'MORNIFLUMATO',1
1577,'MOXIFLOXACINA',2
1578,'NADROPARINA',3
1579,'NAPROXENE',2
1580,'NEBIVOLOLO',22
1581,'NEBIVOLOLO E TIAZIDI',1
1582,'NEDOCROMILE',1
1583,'NEOMICINA',1
1584,'NETILMICINA',3
1585,'NIFEDIPINA',4
1586,'NIMESULIDE',14
1587,'NISTATINA',3
1588,'NITRAZEPAM',1
1589,'NITROGLICERINA',9
1590,'NOMEGESTROLO',1
1591,'NOMEGESTROLO ED ESTROGENI',1
1592,'NORTRIPTILINA',2
1593,'OFLOXACINA',1
1594,'OLANZAPINA',9
1595,'OLMESARTAN MEDOXOMIL',8
1596,'OLMESARTAN MEDOXOMIL E AMLODIPINA',6
1597,'OLMESARTAN MEDOXOMIL E DIURETICI',2
1598,'OMEGA-3-TRIGLICERIDI INCLUSI ALTRI ESTERI E ACIDI',15
1599,'OMEPRAZOLO',50
1600,'ORGANISMI PRODUTTORI DI ACIDO LATTICO',15
1601,'OVULI E CAPSULE VAGINALI',1
1602,'OXAPROZINA',12
1603,'OXCARBAZEPINA',2
1604,'OXIBUTININA',2
1605,'OXICODONE E NALOXONE',6
1606,'PANTOPRAZOLO',228
1607,'PARACETAMOLO',55
1608,'PARACETAMOLO ASSOCIAZIONI ESCLUSI GLI PSICOLETTICI',1
1609,'PAROXETINA',33
1610,'PENCICLOVIR',1
1611,'PENTOXIFILLINA',1
1612,'PERFENAZINA',2
1613,'PERINDOPRIL',7
1614,'PERINDOPRIL E AMLODIPINA',3
1615,'PERINDOPRIL E DIURETICI',3
1616,'PIPERACILLINA ED INIBITORI ENZIMATICI',2
1617,'PIRACETAM',1
1618,'PIRIDOSTIGMINA',1
1619,'PIROXICAM',3
1620,'POLIENZIMI (LIPASI',2
1621,'POLIVALENTI',21
1622,'POLIVITAMINICI ED ALTRI MINERALI',3
1623,'POLIVITAMINICI ED ALTRI MINERALI INCLUSE LE ASSOCIAZIONI',2
1624,'POTASSIO CLORURO',13
1625,'POVIDONE-IODIO',1
1626,'PRAMIPEXOLO',3
1627,'PRAVASTATINA',4
1628,'PRAZEPAM',1
1629,'PREDNISONE',41
1630,'PREGABALIN',15
1631,'PREPARATI A BASE DI DERIVATI DELLACIDO SALICILICO',2
1632,'PREPARATI INDIFFERENTI',1
1633,'PRODOTTI ANTIEMORROIDALI E ANTIRAGADI',1
1634,'PRODOTTI PER APPARATO GASTROINTESTINALE',4
1635,'PRODOTTI PER APPARATO GENITALE',6
1636,'PRODOTTI PER LA CUTE',1
1637,'PROGESTERONE',4
1638,'PROMAZINA',13
1639,'PROMESTRIENE',2
1640,'PROPAFENONE',4
1641,'PROPANTELINA E PSICOLETTICI',1
1642,'PROPRANOLOLO',3
1643,'PRULIFLOXACINA',19
1644,'QUETIAPINA',22
1645,'QUINAPRIL',10
1646,'QUINAPRIL E DIURETICI',5
1647,'RABEPRAZOLO',2
1648,'RAMIPRIL',134
1649,'RAMIPRIL E AMLODIPINA',29
1650,'RAMIPRIL E DIURETICI',25
1651,'RANITIDINA',4
1652,'RANOLAZINA',7
1653,'RIFAXIMINA',32
1654,'RISPERIDONE',5
1655,'RIVAROXABAN',5
1656,'RIVASTIGMINA',3
1657,'RIZATRIPTAN',2
1658,'ROSUVASTATINA',29
1659,'ROTIGOTINA',2
1660,'ROXITROMICINA',4
1661,'RUPATADINA',5
1662,'SABAL SERRULATA FRUTTO (SERENOA REPENS)',6
1663,'SACCHAROMYCES BOULARDII',2
1664,'SAFINAMIDE',2
1665,'SALBUTAMOLO',40
1666,'SALBUTAMOLO E BECLOMETASONE',2
1667,'SALBUTAMOLO E IPRATROPIO BROMURO',3
1668,'SALMETEROLO E FLUTICASONE',12
1669,'SCIROPPI E GRANULATI',1
1670,'SERTRALINA',16
1671,'SILDENAFIL',3
1672,'SILICONI',5
1673,'SILODOSINA',6
1674,'SIMVASTATINA',150
1675,'SIMVASTATINA ED EZETIMIBE',6
1676,'SODIO PICOSOLFATO',1
1677,'SODIO PICOSOLFATO ASSOCIAZIONI',1
1678,'SOSTANZE DISINTOSSICANTI PER TRATTAMENTI CITOSTATICI',3
1679,'SOTALOLO',8
1680,'SPIRAMICINA',2
1681,'SPIRONOLATTONE',2
1682,'STIPSI E TRANSITO INTESTINALE',3
1683,'SUCRALFATO',1
1684,'SULFAMETOXAZOLO E TRIMETOPRIM',8
1685,'SULODEXIDE',1
1686,'TADALAFIL',4
1687,'TAFLUPROST',9
1688,'TAMOXIFENE',4
1689,'TAMSULOSINA',57
1690,'TAPENTADOLO',31
1691,'TELMISARTAN',8
1692,'TELMISARTAN E DIURETICI',2
1693,'TERBINAFINA',2
1694,'TESTOSTERONE',1
1695,'TIAMAZOLO',9
1696,'TIAMFENICOLO',145
1697,'TICAGRELOR',1
1698,'TICLOPIDINA',7
1699,'TIMOLOLO',35
1700,'TIMOLOLO ASSOCIAZIONI',11
1701,'TINIDAZOLO',1
1702,'TIOCOLCHICOSIDE',23
1703,'TIOCONAZOLO',1
1704,'TIOTROPIO BROMURO',3
1705,'TIZANIDINA',8
1706,'TOBRAMICINA',2
1707,'TOLTERODINA',4
1708,'TONICI PSICO-FISICI E MEMORIA',4
1709,'TOPIRAMATO',2
1710,'TORASEMIDE',9
1711,'TRAMADOLO',5
1712,'TRAMADOLO E DEXKETOPROFENE',1
1713,'TRAMADOLO E PARACETAMOLO',5
1714,'TRAVOPROST',6
1715,'TRAZODONE',18
1716,'TRIAMCINOLONE',3
1717,'TRIAMCINOLONE ED ANTIBIOTICI',8
1718,'TRIAZOLAM',1
1719,'TRIMEBUTINA',2
1720,'TRIMIPRAMINA',3
1721,'TRIPTORELINA',1
1722,'UBIDECARENONE',1
1723,'UMECLIDINIO BROMURO',2
1724,'VALACICLOVIR',10
1725,'VALSARTAN',70
1726,'VALSARTAN E DIURETICI',26
1727,'VALSARTAN E SACUBITRIL',3
1728,'VARDENAFIL',2
1729,'VARI',2
1730,'VENLAFAXINA',10
1731,'VERAPAMIL',3
1732,'VILANTEROLO E FLUTICASONE FUROATO',9
1733,'VILANTEROLO E UMECLIDINIO BROMURO',1
1734,'VITAMINA B1',3
1735,'VORTIOXETINA',1
1736,'WARFARIN',35
1737,'ZOFENOPRIL',2
1738,'ZOLPIDEM',4
1739,'ZUCLOPENTIXOLO,2
1740,Acromegaly and gigantism,1
1741,Circulatory system affections,28
1742,Arterial hypertension (St. II and III),136
1743,Rheumatoid arthritis,4
1744,Asthma,19
1745,Liver cirrhosis - biliary cirrhosis,3
1746,Ulcerative colitis - Crohn's disease,8
1747,Drug addiction. and alcohol,1
1748,Chronic (active) hepatitis,28
1749,Epilepsy,4
1750,Glaucoma,32
1751,HIV infection,3
1752,Chronic renal failure,7
1753,Chronic respiratory failure,1
1754,Hypercholesterolemia - Hyperlipoproteinemia,1
1755,Hyperparathyroidism - Hypoparathyroidism,1
1756,Congenital and acquired hypothyroidism,39
1757,Sjogren's disease,1
1758,Myasthenia gravis,2
1759,'''035'''.1,5
1760,Parkinson's disease,1
1761,Pituitary dwarfism,1
1762,Neuromyelitis optica,1
1763,Psychosis,12
1764,Psoriasis,2
1765,Multiple sclerosis,3
1766,Malignant neoplasms,114
1767,Subjects awaiting transplant,1
1768,'''052'''.1,2
1769,Hashimoto's thyroiditis,29
1770,Circulatory system affections. cardiopulmonary,31
1771,Arterial hypertension without organ damage,38
1772,Circulatory system affections. cerebrovascular,5
1773,Circulatory system affections. arteries/veins,5
1774,Arterial hypertension drug treatment,6
1775,Civil disabled 100%,104
1776,100% civilian disabled with accompaniment,74
1777,Civilian disabled people over 2/3 < 100%,68
1778,Disabled minors with accompanying allowance,1
1779,Blind,2
1780,Deaf and dumb,1
1781,Regional Screening,6
1782,Early diagnosis of tumors - cytological (between 25 and 65 years every 3 years),6
1783,Early diagnosis of tumors - mammographic (between 45 and 69 years every 2 years),22
1784,Early colorectal diagnosis (everyone aged 45 and over every 5 years),14
1785,Income and age exemption,453
1786,Unemployed income exemption,51
1787,Social pension income exemption,12
1788,Minimum pension income exemption,5
1789,"""SUBJECTS BELONGING TO FAMILIES WITH ANNUAL INCOME UP TO EUR 1",1
1790,Income exemption from regional anti-crisis measures,30
1791,Exemption for disbursement appropriateness,4
1792,Certificate issuing services,94
1793,Working disabled 67-79%,1
1794,Working disabled 1- 67%,3
1795,Injured at work or suffering from professional illness,50
1796,Responsible maternity protection,14
1797,Pregnancy at risk,26
1798,Rare Disease (suspected),2
1799,NEUROFIBROMATOSIS,1
1800,HISTIOCYTOSIS X,1
1801,CELIAC SPRUE,1
1802,Rare diseases,3
1803,UNDIFFERENTIATED CONNECTIVITY,1
1804,MITOCONDRUM MYOPATHY-ENCEPHALOPATHY-LACTIC ACIDOSIS-STROKE,1
1805,Exemption for earthquake victims in the Marche region,4
1806,Severe pain therapy,1
1807,Victims of terrorism and organized crime,1
1808,Min Diastolic,2432
1809,Max Diastolic,2432
1810,Mean Diastolic,2432
1811,Mean Systolic,2432
1812,Min Systolic,2432
1813,Max Systolic,2432
1814,Gender,2432
1815,Age,2432
1816,LABEL,225
